S60737_TRBD2*01_Oryctolagus_cuniculus___236973___236988___+___/content/VDJ-Insights/VDJ-Insights_tutorial_regions/TR/GCA_013371645.1_OryCun3.0_genomic__SALL2__DAD1__CM023788.1__extracted__TRA.fasta___bowtie	S60737_TRBD2*01_Oryctolagus_cuniculus	93.333	15	1	0	1	15	1	15	0.059	22.3	GGGAGTGGGGGGGGG	GGGACTGGGGGGGGG	100	4GC10
S60737_TRBD2*01_Oryctolagus_cuniculus___236973___236988___+___/content/VDJ-Insights/VDJ-Insights_tutorial_regions/TR/GCA_013371645.1_OryCun3.0_genomic__SALL2__DAD1__CM023788.1__extracted__TRA.fasta___bowtie	IMGT000032_TRBV15*01_Oryctolagus_cuniculus_Thorbecke_inbred	100.000	9	0	0	1	9	213	205	0.92	18.3	GGGAGTGGG	GGGAGTGGG	60	9
S60737_TRBD2*01_Oryctolagus_cuniculus___236973___236988___+___/content/VDJ-Insights/VDJ-Insights_tutorial_regions/TR/GCA_013371645.1_OryCun3.0_genomic__SALL2__DAD1__CM023788.1__extracted__TRA.fasta___bowtie	BK064757_TRAV35*01_Oryctolagus_cuniculus_Thorbecke_inbred	100.000	9	0	0	1	9	139	147	0.92	18.3	GGGAGTGGG	GGGAGTGGG	60	9
S60737_TRBD2*01_Oryctolagus_cuniculus___236973___236988___+___/content/VDJ-Insights/VDJ-Insights_tutorial_regions/TR/GCA_013371645.1_OryCun3.0_genomic__SALL2__DAD1__CM023788.1__extracted__TRA.fasta___bowtie	BK064757_TRAV35*01_Oryctolagus_cuniculus_Thorbecke_inbred	100.000	7	0	0	2	8	241	247	14	14.4	GGAGTGG	GGAGTGG	60	7
S60737_TRBD2*01_Oryctolagus_cuniculus___236973___236988___+___/content/VDJ-Insights/VDJ-Insights_tutorial_regions/TR/GCA_013371645.1_OryCun3.0_genomic__SALL2__DAD1__CM023788.1__extracted__TRA.fasta___bowtie	BK064757_TRAJ5*01_Oryctolagus_cuniculus_Thorbecke_inbred	100.000	8	0	0	1	8	29	36	3.6	16.4	GGGAGTGG	GGGAGTGG	60	8
S60737_TRBD2*01_Oryctolagus_cuniculus___236973___236988___+___/content/VDJ-Insights/VDJ-Insights_tutorial_regions/TR/GCA_013371645.1_OryCun3.0_genomic__SALL2__DAD1__CM023788.1__extracted__TRA.fasta___bowtie	BK064757_TRAJ5*01_Oryctolagus_cuniculus_Thorbecke_inbred	100.000	7	0	0	3	9	26	20	14	14.4	GAGTGGG	GAGTGGG	60	7
S60737_TRBD2*01_Oryctolagus_cuniculus___236973___236988___+___/content/VDJ-Insights/VDJ-Insights_tutorial_regions/TR/GCA_013371645.1_OryCun3.0_genomic__SALL2__DAD1__CM023788.1__extracted__TRA.fasta___bowtie	IMGT000032_TRBJ1-6*01_Oryctolagus_cuniculus_Thorbecke_inbred	100.000	7	0	0	2	8	15	9	14	14.4	GGAGTGG	GGAGTGG	47	7
BK064757_TRDD1*01_Oryctolagus_cuniculus_Thorbecke_inbred___976320___976331___+___/content/VDJ-Insights/VDJ-Insights_tutorial_regions/TR/GCA_013371645.1_OryCun3.0_genomic__SALL2__DAD1__CM023788.1__extracted__TRA.fasta___bowtie	BK064757_TRDD1*01_Oryctolagus_cuniculus_Thorbecke_inbred	100.000	11	0	0	1	11	1	11	0.030	22.3	ACTACGGGTAC	ACTACGGGTAC	100	11
BK064757_TRDD1*01_Oryctolagus_cuniculus_Thorbecke_inbred___976320___976331___+___/content/VDJ-Insights/VDJ-Insights_tutorial_regions/TR/GCA_013371645.1_OryCun3.0_genomic__SALL2__DAD1__CM023788.1__extracted__TRA.fasta___bowtie	BK064757_TRAJ47*01_Oryctolagus_cuniculus_Thorbecke_inbred	100.000	8	0	0	1	8	4	11	1.8	16.4	ACTACGGG	ACTACGGG	73	8
BK064757_TRDD1*01_Oryctolagus_cuniculus_Thorbecke_inbred___976320___976331___+___/content/VDJ-Insights/VDJ-Insights_tutorial_regions/TR/GCA_013371645.1_OryCun3.0_genomic__SALL2__DAD1__CM023788.1__extracted__TRA.fasta___bowtie	AY748329_TRGV1-1*03_Oryctolagus_cuniculus_New_Zealand	100.000	8	0	0	4	11	165	158	1.8	16.4	ACGGGTAC	ACGGGTAC	73	8
BK064757_TRDD1*01_Oryctolagus_cuniculus_Thorbecke_inbred___976320___976331___+___/content/VDJ-Insights/VDJ-Insights_tutorial_regions/TR/GCA_013371645.1_OryCun3.0_genomic__SALL2__DAD1__CM023788.1__extracted__TRA.fasta___bowtie	AY748328_TRGV1-1*02_Oryctolagus_cuniculus_New_Zealand	100.000	8	0	0	4	11	165	158	1.8	16.4	ACGGGTAC	ACGGGTAC	73	8
BK064757_TRDD1*01_Oryctolagus_cuniculus_Thorbecke_inbred___976320___976331___+___/content/VDJ-Insights/VDJ-Insights_tutorial_regions/TR/GCA_013371645.1_OryCun3.0_genomic__SALL2__DAD1__CM023788.1__extracted__TRA.fasta___bowtie	IMGT000030_TRGV1-1*01_Oryctolagus_cuniculus_Thorbecke_inbred	100.000	8	0	0	4	11	165	158	1.8	16.4	ACGGGTAC	ACGGGTAC	73	8
BK064757_TRDD2*01_Oryctolagus_cuniculus_Thorbecke_inbred___991159___991176___+___/content/VDJ-Insights/VDJ-Insights_tutorial_regions/TR/GCA_013371645.1_OryCun3.0_genomic__SALL2__DAD1__CM023788.1__extracted__TRA.fasta___bowtie	BK064757_TRDD2*01_Oryctolagus_cuniculus_Thorbecke_inbred	100.000	17	0	0	1	17	1	17	2.06e-05	34.2	GTGATTGGTGGGATACT	GTGATTGGTGGGATACT	100	17
BK064757_TRDD2*01_Oryctolagus_cuniculus_Thorbecke_inbred___991159___991176___+___/content/VDJ-Insights/VDJ-Insights_tutorial_regions/TR/GCA_013371645.1_OryCun3.0_genomic__SALL2__DAD1__CM023788.1__extracted__TRA.fasta___bowtie	BK064757_TRAJ36*01_Oryctolagus_cuniculus_Thorbecke_inbred	100.000	7	0	0	9	15	9	15	19	14.4	TGGGATA	TGGGATA	41	7
BK064757_TRDD2*01_Oryctolagus_cuniculus_Thorbecke_inbred___991159___991176___+___/content/VDJ-Insights/VDJ-Insights_tutorial_regions/TR/GCA_013371645.1_OryCun3.0_genomic__SALL2__DAD1__CM023788.1__extracted__TRA.fasta___bowtie	BK064757_TRAJ35*01_Oryctolagus_cuniculus_Thorbecke_inbred	100.000	7	0	0	1	7	48	54	19	14.4	GTGATTG	GTGATTG	41	7
BK064757_TRDD2*01_Oryctolagus_cuniculus_Thorbecke_inbred___991159___991176___+___/content/VDJ-Insights/VDJ-Insights_tutorial_regions/TR/GCA_013371645.1_OryCun3.0_genomic__SALL2__DAD1__CM023788.1__extracted__TRA.fasta___bowtie	BK064757_TRAJ29*01_Oryctolagus_cuniculus_Thorbecke_inbred	100.000	7	0	0	1	7	51	57	19	14.4	GTGATTG	GTGATTG	41	7
BK064757_TRDD2*01_Oryctolagus_cuniculus_Thorbecke_inbred___991159___991176___+___/content/VDJ-Insights/VDJ-Insights_tutorial_regions/TR/GCA_013371645.1_OryCun3.0_genomic__SALL2__DAD1__CM023788.1__extracted__TRA.fasta___bowtie	IMGT000030_TRGV3*01_Oryctolagus_cuniculus_Thorbecke_inbred	100.000	7	0	0	7	13	184	190	19	14.4	GGTGGGA	GGTGGGA	41	7
S60737_TRBD2*01_Oryctolagus_cuniculus___1050798___1050813___-___/content/VDJ-Insights/VDJ-Insights_tutorial_regions/TR/GCA_013371645.1_OryCun3.0_genomic__SALL2__DAD1__CM023788.1__extracted__TRA.fasta___bowtie	S60737_TRBD2*01_Oryctolagus_cuniculus	100.000	14	0	0	1	14	15	2	0.001	28.2	CCCCCCCCCAGTCC	CCCCCCCCCAGTCC	93	14
S60737_TRBD2*01_Oryctolagus_cuniculus___1050798___1050813___-___/content/VDJ-Insights/VDJ-Insights_tutorial_regions/TR/GCA_013371645.1_OryCun3.0_genomic__SALL2__DAD1__CM023788.1__extracted__TRA.fasta___bowtie	IMGT000032_TRBV5-10*01_Oryctolagus_cuniculus_Thorbecke_inbred	100.000	10	0	0	4	13	71	80	0.23	20.3	CCCCCCAGTC	CCCCCCAGTC	67	10
S60737_TRBD2*01_Oryctolagus_cuniculus___1050798___1050813___-___/content/VDJ-Insights/VDJ-Insights_tutorial_regions/TR/GCA_013371645.1_OryCun3.0_genomic__SALL2__DAD1__CM023788.1__extracted__TRA.fasta___bowtie	BK064757_TRAJ38*01_Oryctolagus_cuniculus_Thorbecke_inbred	100.000	9	0	0	6	14	40	32	0.92	18.3	CCCCAGTCC	CCCCAGTCC	60	9
S60737_TRBD2*01_Oryctolagus_cuniculus___1050798___1050813___-___/content/VDJ-Insights/VDJ-Insights_tutorial_regions/TR/GCA_013371645.1_OryCun3.0_genomic__SALL2__DAD1__CM023788.1__extracted__TRA.fasta___bowtie	IMGT000032_TRBV7-9*01_Oryctolagus_cuniculus_Thorbecke_inbred	100.000	9	0	0	7	15	14	22	0.92	18.3	CCCAGTCCT	CCCAGTCCT	73	9
S60737_TRBD2*01_Oryctolagus_cuniculus___1050798___1050813___-___/content/VDJ-Insights/VDJ-Insights_tutorial_regions/TR/GCA_013371645.1_OryCun3.0_genomic__SALL2__DAD1__CM023788.1__extracted__TRA.fasta___bowtie	IMGT000032_TRBV7-9*01_Oryctolagus_cuniculus_Thorbecke_inbred	100.000	7	0	0	5	11	215	209	14	14.4	CCCCCAG	CCCCCAG	73	7
S60737_TRBD2*01_Oryctolagus_cuniculus___1050798___1050813___-___/content/VDJ-Insights/VDJ-Insights_tutorial_regions/TR/GCA_013371645.1_OryCun3.0_genomic__SALL2__DAD1__CM023788.1__extracted__TRA.fasta___bowtie	BK064757_TRAJ34*01_Oryctolagus_cuniculus_Thorbecke_inbred	100.000	8	0	0	7	14	36	29	3.6	16.4	CCCAGTCC	CCCAGTCC	53	8
IMGT000032_TRBD1*01_Oryctolagus_cuniculus_Thorbecke_inbred___1111165___1111177___+___/content/VDJ-Insights/VDJ-Insights_tutorial_regions/TR/GCA_013371645.1_OryCun3.0_genomic__SALL2__DAD1__CM023788.1__extracted__TRA.fasta___bowtie	IMGT000032_TRBD1*01_Oryctolagus_cuniculus_Thorbecke_inbred	100.000	10	0	0	1	10	1	10	0.16	20.3	GGGACAGGGG	GGGACAGGGG	83	10
IMGT000032_TRBD1*01_Oryctolagus_cuniculus_Thorbecke_inbred___1111165___1111177___+___/content/VDJ-Insights/VDJ-Insights_tutorial_regions/TR/GCA_013371645.1_OryCun3.0_genomic__SALL2__DAD1__CM023788.1__extracted__TRA.fasta___bowtie	IMGT000032_TRBV9-2*01_Oryctolagus_cuniculus_Thorbecke_inbred	100.000	9	0	0	4	12	246	238	0.61	18.3	ACAGGGGAC	ACAGGGGAC	75	9
IMGT000032_TRBD1*01_Oryctolagus_cuniculus_Thorbecke_inbred___1111165___1111177___+___/content/VDJ-Insights/VDJ-Insights_tutorial_regions/TR/GCA_013371645.1_OryCun3.0_genomic__SALL2__DAD1__CM023788.1__extracted__TRA.fasta___bowtie	IMGT000032_TRBV26*01_Oryctolagus_cuniculus_Thorbecke_inbred	100.000	9	0	0	1	9	40	48	0.61	18.3	GGGACAGGG	GGGACAGGG	75	9
IMGT000032_TRBD1*01_Oryctolagus_cuniculus_Thorbecke_inbred___1111165___1111177___+___/content/VDJ-Insights/VDJ-Insights_tutorial_regions/TR/GCA_013371645.1_OryCun3.0_genomic__SALL2__DAD1__CM023788.1__extracted__TRA.fasta___bowtie	BK064757_TRAJ49*01_Oryctolagus_cuniculus_Thorbecke_inbred	100.000	8	0	0	1	8	29	36	2.4	16.4	GGGACAGG	GGGACAGG	67	8
IMGT000032_TRBD1*01_Oryctolagus_cuniculus_Thorbecke_inbred___1111165___1111177___+___/content/VDJ-Insights/VDJ-Insights_tutorial_regions/TR/GCA_013371645.1_OryCun3.0_genomic__SALL2__DAD1__CM023788.1__extracted__TRA.fasta___bowtie	BK064757_TRAJ23*01_Oryctolagus_cuniculus_Thorbecke_inbred	100.000	8	0	0	2	9	33	40	2.4	16.4	GGACAGGG	GGACAGGG	67	8
IMGT000032_TRBD1*01_Oryctolagus_cuniculus_Thorbecke_inbred___54217___54229___-___/content/VDJ-Insights/VDJ-Insights_tutorial_regions/TR/GCA_013371645.1_OryCun3.0_genomic__AMPH__STARD3NL__CM023781.1__extracted__TRG.fasta___bowtie	BK064757_TRAV36*01_Oryctolagus_cuniculus_Thorbecke_inbred	100.000	9	0	0	1	9	106	98	0.61	18.3	GCCCACTGT	GCCCACTGT	75	9
IMGT000032_TRBD1*01_Oryctolagus_cuniculus_Thorbecke_inbred___54217___54229___-___/content/VDJ-Insights/VDJ-Insights_tutorial_regions/TR/GCA_013371645.1_OryCun3.0_genomic__AMPH__STARD3NL__CM023781.1__extracted__TRG.fasta___bowtie	BK064757_TRDV3*01_Oryctolagus_cuniculus_Thorbecke_inbred	100.000	8	0	0	4	11	268	261	2.4	16.4	CACTGTCC	CACTGTCC	67	8
IMGT000032_TRBD1*01_Oryctolagus_cuniculus_Thorbecke_inbred___54217___54229___-___/content/VDJ-Insights/VDJ-Insights_tutorial_regions/TR/GCA_013371645.1_OryCun3.0_genomic__AMPH__STARD3NL__CM023781.1__extracted__TRG.fasta___bowtie	IMGT000032_TRBD1*01_Oryctolagus_cuniculus_Thorbecke_inbred	91.667	12	1	0	1	12	12	1	2.4	16.4	GCCCACTGTCCC	GCCCCCTGTCCC	100	4AC7
IMGT000032_TRBD1*01_Oryctolagus_cuniculus_Thorbecke_inbred___54217___54229___-___/content/VDJ-Insights/VDJ-Insights_tutorial_regions/TR/GCA_013371645.1_OryCun3.0_genomic__AMPH__STARD3NL__CM023781.1__extracted__TRG.fasta___bowtie	IMGT000030_TRGV1-7*01_Oryctolagus_cuniculus_Thorbecke_inbred	100.000	8	0	0	3	10	31	24	2.4	16.4	CCACTGTC	CCACTGTC	67	8
IMGT000032_TRBD1*01_Oryctolagus_cuniculus_Thorbecke_inbred___54217___54229___-___/content/VDJ-Insights/VDJ-Insights_tutorial_regions/TR/GCA_013371645.1_OryCun3.0_genomic__AMPH__STARD3NL__CM023781.1__extracted__TRG.fasta___bowtie	IMGT000030_TRGV1-7*01_Oryctolagus_cuniculus_Thorbecke_inbred	100.000	7	0	0	3	9	175	169	9.6	14.4	CCACTGT	CCACTGT	67	7
IMGT000032_TRBD1*01_Oryctolagus_cuniculus_Thorbecke_inbred___54217___54229___-___/content/VDJ-Insights/VDJ-Insights_tutorial_regions/TR/GCA_013371645.1_OryCun3.0_genomic__AMPH__STARD3NL__CM023781.1__extracted__TRG.fasta___bowtie	AY748341_TRGV1-6*02_Oryctolagus_cuniculus_New_Zealand	100.000	8	0	0	3	10	31	24	2.4	16.4	CCACTGTC	CCACTGTC	67	8
BK064757_TRDD1*01_Oryctolagus_cuniculus_Thorbecke_inbred___100390___100401___+___/content/VDJ-Insights/VDJ-Insights_tutorial_regions/TR/GCA_013371645.1_OryCun3.0_genomic__AMPH__STARD3NL__CM023781.1__extracted__TRG.fasta___bowtie	BK064757_TRAJ28*01_Oryctolagus_cuniculus_Thorbecke_inbred	100.000	8	0	0	3	10	12	19	1.8	16.4	TGCGGGTA	TGCGGGTA	73	8
BK064757_TRDD1*01_Oryctolagus_cuniculus_Thorbecke_inbred___100390___100401___+___/content/VDJ-Insights/VDJ-Insights_tutorial_regions/TR/GCA_013371645.1_OryCun3.0_genomic__AMPH__STARD3NL__CM023781.1__extracted__TRG.fasta___bowtie	BK064757_TRAV21*01_Oryctolagus_cuniculus_Thorbecke_inbred	100.000	7	0	0	1	7	64	70	7.2	14.4	ACTGCGG	ACTGCGG	64	7
BK064757_TRDD1*01_Oryctolagus_cuniculus_Thorbecke_inbred___100390___100401___+___/content/VDJ-Insights/VDJ-Insights_tutorial_regions/TR/GCA_013371645.1_OryCun3.0_genomic__AMPH__STARD3NL__CM023781.1__extracted__TRG.fasta___bowtie	BK064757_TRAV20*01_Oryctolagus_cuniculus_Thorbecke_inbred	100.000	7	0	0	1	7	54	48	7.2	14.4	ACTGCGG	ACTGCGG	64	7
IMGT000032_TRBD1*01_Oryctolagus_cuniculus_Thorbecke_inbred___131438___131450___+___/content/VDJ-Insights/VDJ-Insights_tutorial_regions/TR/GCA_013371645.1_OryCun3.0_genomic__AMPH__STARD3NL__CM023781.1__extracted__TRG.fasta___bowtie	S60737_TRBD2*01_Oryctolagus_cuniculus	100.000	11	0	0	1	11	1	11	0.039	22.3	GGGACTGGGGG	GGGACTGGGGG	92	11
IMGT000032_TRBD1*01_Oryctolagus_cuniculus_Thorbecke_inbred___131438___131450___+___/content/VDJ-Insights/VDJ-Insights_tutorial_regions/TR/GCA_013371645.1_OryCun3.0_genomic__AMPH__STARD3NL__CM023781.1__extracted__TRG.fasta___bowtie	BK064757_TRAJ38*01_Oryctolagus_cuniculus_Thorbecke_inbred	100.000	10	0	0	1	10	31	40	0.16	20.3	GGGACTGGGG	GGGACTGGGG	83	10
IMGT000032_TRBD1*01_Oryctolagus_cuniculus_Thorbecke_inbred___131438___131450___+___/content/VDJ-Insights/VDJ-Insights_tutorial_regions/TR/GCA_013371645.1_OryCun3.0_genomic__AMPH__STARD3NL__CM023781.1__extracted__TRG.fasta___bowtie	BK064757_TRAJ34*01_Oryctolagus_cuniculus_Thorbecke_inbred	100.000	9	0	0	1	9	28	36	0.61	18.3	GGGACTGGG	GGGACTGGG	75	9
IMGT000032_TRBD1*01_Oryctolagus_cuniculus_Thorbecke_inbred___131438___131450___+___/content/VDJ-Insights/VDJ-Insights_tutorial_regions/TR/GCA_013371645.1_OryCun3.0_genomic__AMPH__STARD3NL__CM023781.1__extracted__TRG.fasta___bowtie	IMGT000032_TRBV7-8*01_Oryctolagus_cuniculus_Thorbecke_inbred	100.000	9	0	0	1	9	22	14	0.61	18.3	GGGACTGGG	GGGACTGGG	92	9
IMGT000032_TRBD1*01_Oryctolagus_cuniculus_Thorbecke_inbred___131438___131450___+___/content/VDJ-Insights/VDJ-Insights_tutorial_regions/TR/GCA_013371645.1_OryCun3.0_genomic__AMPH__STARD3NL__CM023781.1__extracted__TRG.fasta___bowtie	IMGT000032_TRBV7-8*01_Oryctolagus_cuniculus_Thorbecke_inbred	100.000	7	0	0	5	11	26	20	9.6	14.4	CTGGGGG	CTGGGGG	92	7
IMGT000032_TRBD1*01_Oryctolagus_cuniculus_Thorbecke_inbred___131438___131450___+___/content/VDJ-Insights/VDJ-Insights_tutorial_regions/TR/GCA_013371645.1_OryCun3.0_genomic__AMPH__STARD3NL__CM023781.1__extracted__TRG.fasta___bowtie	IMGT000032_TRBV7-8*01_Oryctolagus_cuniculus_Thorbecke_inbred	100.000	7	0	0	5	11	209	215	9.6	14.4	CTGGGGG	CTGGGGG	92	7
IMGT000032_TRBD1*01_Oryctolagus_cuniculus_Thorbecke_inbred___131438___131450___+___/content/VDJ-Insights/VDJ-Insights_tutorial_regions/TR/GCA_013371645.1_OryCun3.0_genomic__AMPH__STARD3NL__CM023781.1__extracted__TRG.fasta___bowtie	IMGT000032_TRBV7-7*01_Oryctolagus_cuniculus_Thorbecke_inbred	100.000	9	0	0	1	9	22	14	0.61	18.3	GGGACTGGG	GGGACTGGG	92	9
IMGT000032_TRBD1*01_Oryctolagus_cuniculus_Thorbecke_inbred___131438___131450___+___/content/VDJ-Insights/VDJ-Insights_tutorial_regions/TR/GCA_013371645.1_OryCun3.0_genomic__AMPH__STARD3NL__CM023781.1__extracted__TRG.fasta___bowtie	IMGT000032_TRBV7-7*01_Oryctolagus_cuniculus_Thorbecke_inbred	100.000	7	0	0	5	11	26	20	9.6	14.4	CTGGGGG	CTGGGGG	92	7
IMGT000032_TRBD1*01_Oryctolagus_cuniculus_Thorbecke_inbred___131438___131450___+___/content/VDJ-Insights/VDJ-Insights_tutorial_regions/TR/GCA_013371645.1_OryCun3.0_genomic__AMPH__STARD3NL__CM023781.1__extracted__TRG.fasta___bowtie	IMGT000032_TRBV7-7*01_Oryctolagus_cuniculus_Thorbecke_inbred	100.000	7	0	0	5	11	209	215	9.6	14.4	CTGGGGG	CTGGGGG	92	7
IMGT000032_TRBD1*01_Oryctolagus_cuniculus_Thorbecke_inbred___145122___145134___-___/content/VDJ-Insights/VDJ-Insights_tutorial_regions/TR/GCA_013371645.1_OryCun3.0_genomic__AMPH__STARD3NL__CM023781.1__extracted__TRG.fasta___bowtie	BK064757_TRAV36*01_Oryctolagus_cuniculus_Thorbecke_inbred	100.000	9	0	0	1	9	106	98	0.61	18.3	GCCCACTGT	GCCCACTGT	75	9
IMGT000032_TRBD1*01_Oryctolagus_cuniculus_Thorbecke_inbred___145122___145134___-___/content/VDJ-Insights/VDJ-Insights_tutorial_regions/TR/GCA_013371645.1_OryCun3.0_genomic__AMPH__STARD3NL__CM023781.1__extracted__TRG.fasta___bowtie	BK064757_TRDV3*01_Oryctolagus_cuniculus_Thorbecke_inbred	100.000	8	0	0	4	11	268	261	2.4	16.4	CACTGTCC	CACTGTCC	67	8
IMGT000032_TRBD1*01_Oryctolagus_cuniculus_Thorbecke_inbred___145122___145134___-___/content/VDJ-Insights/VDJ-Insights_tutorial_regions/TR/GCA_013371645.1_OryCun3.0_genomic__AMPH__STARD3NL__CM023781.1__extracted__TRG.fasta___bowtie	IMGT000032_TRBD1*01_Oryctolagus_cuniculus_Thorbecke_inbred	91.667	12	1	0	1	12	12	1	2.4	16.4	GCCCACTGTCCC	GCCCCCTGTCCC	100	4AC7
IMGT000032_TRBD1*01_Oryctolagus_cuniculus_Thorbecke_inbred___145122___145134___-___/content/VDJ-Insights/VDJ-Insights_tutorial_regions/TR/GCA_013371645.1_OryCun3.0_genomic__AMPH__STARD3NL__CM023781.1__extracted__TRG.fasta___bowtie	IMGT000030_TRGV1-7*01_Oryctolagus_cuniculus_Thorbecke_inbred	100.000	8	0	0	3	10	31	24	2.4	16.4	CCACTGTC	CCACTGTC	67	8
IMGT000032_TRBD1*01_Oryctolagus_cuniculus_Thorbecke_inbred___145122___145134___-___/content/VDJ-Insights/VDJ-Insights_tutorial_regions/TR/GCA_013371645.1_OryCun3.0_genomic__AMPH__STARD3NL__CM023781.1__extracted__TRG.fasta___bowtie	IMGT000030_TRGV1-7*01_Oryctolagus_cuniculus_Thorbecke_inbred	100.000	7	0	0	3	9	175	169	9.6	14.4	CCACTGT	CCACTGT	67	7
IMGT000032_TRBD1*01_Oryctolagus_cuniculus_Thorbecke_inbred___145122___145134___-___/content/VDJ-Insights/VDJ-Insights_tutorial_regions/TR/GCA_013371645.1_OryCun3.0_genomic__AMPH__STARD3NL__CM023781.1__extracted__TRG.fasta___bowtie	AY748341_TRGV1-6*02_Oryctolagus_cuniculus_New_Zealand	100.000	8	0	0	3	10	31	24	2.4	16.4	CCACTGTC	CCACTGTC	67	8
S60737_TRBD2*01_Oryctolagus_cuniculus___178233___178248___+___/content/VDJ-Insights/VDJ-Insights_tutorial_regions/TR/GCA_013371645.1_OryCun3.0_genomic__AMPH__STARD3NL__CM023781.1__extracted__TRG.fasta___bowtie	S60737_TRBD2*01_Oryctolagus_cuniculus	93.333	15	1	0	1	15	1	15	0.059	22.3	GGGAATGGGGGGGGG	GGGACTGGGGGGGGG	100	4AC10
S60737_TRBD2*01_Oryctolagus_cuniculus___178233___178248___+___/content/VDJ-Insights/VDJ-Insights_tutorial_regions/TR/GCA_013371645.1_OryCun3.0_genomic__AMPH__STARD3NL__CM023781.1__extracted__TRG.fasta___bowtie	BK064757_TRAJ29*01_Oryctolagus_cuniculus_Thorbecke_inbred	100.000	8	0	0	2	9	30	37	3.6	16.4	GGAATGGG	GGAATGGG	53	8
S60737_TRBD2*01_Oryctolagus_cuniculus___178233___178248___+___/content/VDJ-Insights/VDJ-Insights_tutorial_regions/TR/GCA_013371645.1_OryCun3.0_genomic__AMPH__STARD3NL__CM023781.1__extracted__TRG.fasta___bowtie	IMGT000032_TRBV13*01_Oryctolagus_cuniculus_Thorbecke_inbred	100.000	8	0	0	4	11	133	126	3.6	16.4	AATGGGGG	AATGGGGG	53	8
S60737_TRBD2*01_Oryctolagus_cuniculus___178233___178248___+___/content/VDJ-Insights/VDJ-Insights_tutorial_regions/TR/GCA_013371645.1_OryCun3.0_genomic__AMPH__STARD3NL__CM023781.1__extracted__TRG.fasta___bowtie	BK064757_TRAV8-2*01_Oryctolagus_cuniculus_Thorbecke_inbred	100.000	8	0	0	5	12	80	87	3.6	16.4	ATGGGGGG	ATGGGGGG	80	8
S60737_TRBD2*01_Oryctolagus_cuniculus___178233___178248___+___/content/VDJ-Insights/VDJ-Insights_tutorial_regions/TR/GCA_013371645.1_OryCun3.0_genomic__AMPH__STARD3NL__CM023781.1__extracted__TRG.fasta___bowtie	BK064757_TRAV8-2*01_Oryctolagus_cuniculus_Thorbecke_inbred	100.000	7	0	0	1	7	157	163	14	14.4	GGGAATG	GGGAATG	80	7
S60737_TRBD2*01_Oryctolagus_cuniculus___178233___178248___+___/content/VDJ-Insights/VDJ-Insights_tutorial_regions/TR/GCA_013371645.1_OryCun3.0_genomic__AMPH__STARD3NL__CM023781.1__extracted__TRG.fasta___bowtie	BK064757_TRDV4*01_Oryctolagus_cuniculus_Thorbecke_inbred	100.000	7	0	0	4	10	185	191	14	14.4	AATGGGG	AATGGGG	47	7
IMGT000032_TRBD1*01_Oryctolagus_cuniculus_Thorbecke_inbred___216104___216116___+___/content/VDJ-Insights/VDJ-Insights_tutorial_regions/TR/GCA_013371645.1_OryCun3.0_genomic__AMPH__STARD3NL__CM023781.1__extracted__TRG.fasta___bowtie	S60737_TRBD2*01_Oryctolagus_cuniculus	100.000	11	0	0	1	11	1	11	0.039	22.3	GGGACTGGGGG	GGGACTGGGGG	92	11
IMGT000032_TRBD1*01_Oryctolagus_cuniculus_Thorbecke_inbred___216104___216116___+___/content/VDJ-Insights/VDJ-Insights_tutorial_regions/TR/GCA_013371645.1_OryCun3.0_genomic__AMPH__STARD3NL__CM023781.1__extracted__TRG.fasta___bowtie	BK064757_TRAJ38*01_Oryctolagus_cuniculus_Thorbecke_inbred	100.000	10	0	0	1	10	31	40	0.16	20.3	GGGACTGGGG	GGGACTGGGG	83	10
IMGT000032_TRBD1*01_Oryctolagus_cuniculus_Thorbecke_inbred___216104___216116___+___/content/VDJ-Insights/VDJ-Insights_tutorial_regions/TR/GCA_013371645.1_OryCun3.0_genomic__AMPH__STARD3NL__CM023781.1__extracted__TRG.fasta___bowtie	BK064757_TRAJ34*01_Oryctolagus_cuniculus_Thorbecke_inbred	100.000	9	0	0	1	9	28	36	0.61	18.3	GGGACTGGG	GGGACTGGG	75	9
IMGT000032_TRBD1*01_Oryctolagus_cuniculus_Thorbecke_inbred___216104___216116___+___/content/VDJ-Insights/VDJ-Insights_tutorial_regions/TR/GCA_013371645.1_OryCun3.0_genomic__AMPH__STARD3NL__CM023781.1__extracted__TRG.fasta___bowtie	IMGT000032_TRBV7-8*01_Oryctolagus_cuniculus_Thorbecke_inbred	100.000	9	0	0	1	9	22	14	0.61	18.3	GGGACTGGG	GGGACTGGG	92	9
IMGT000032_TRBD1*01_Oryctolagus_cuniculus_Thorbecke_inbred___216104___216116___+___/content/VDJ-Insights/VDJ-Insights_tutorial_regions/TR/GCA_013371645.1_OryCun3.0_genomic__AMPH__STARD3NL__CM023781.1__extracted__TRG.fasta___bowtie	IMGT000032_TRBV7-8*01_Oryctolagus_cuniculus_Thorbecke_inbred	100.000	7	0	0	5	11	26	20	9.6	14.4	CTGGGGG	CTGGGGG	92	7
IMGT000032_TRBD1*01_Oryctolagus_cuniculus_Thorbecke_inbred___216104___216116___+___/content/VDJ-Insights/VDJ-Insights_tutorial_regions/TR/GCA_013371645.1_OryCun3.0_genomic__AMPH__STARD3NL__CM023781.1__extracted__TRG.fasta___bowtie	IMGT000032_TRBV7-8*01_Oryctolagus_cuniculus_Thorbecke_inbred	100.000	7	0	0	5	11	209	215	9.6	14.4	CTGGGGG	CTGGGGG	92	7
IMGT000032_TRBD1*01_Oryctolagus_cuniculus_Thorbecke_inbred___216104___216116___+___/content/VDJ-Insights/VDJ-Insights_tutorial_regions/TR/GCA_013371645.1_OryCun3.0_genomic__AMPH__STARD3NL__CM023781.1__extracted__TRG.fasta___bowtie	IMGT000032_TRBV7-7*01_Oryctolagus_cuniculus_Thorbecke_inbred	100.000	9	0	0	1	9	22	14	0.61	18.3	GGGACTGGG	GGGACTGGG	92	9
IMGT000032_TRBD1*01_Oryctolagus_cuniculus_Thorbecke_inbred___216104___216116___+___/content/VDJ-Insights/VDJ-Insights_tutorial_regions/TR/GCA_013371645.1_OryCun3.0_genomic__AMPH__STARD3NL__CM023781.1__extracted__TRG.fasta___bowtie	IMGT000032_TRBV7-7*01_Oryctolagus_cuniculus_Thorbecke_inbred	100.000	7	0	0	5	11	26	20	9.6	14.4	CTGGGGG	CTGGGGG	92	7
IMGT000032_TRBD1*01_Oryctolagus_cuniculus_Thorbecke_inbred___216104___216116___+___/content/VDJ-Insights/VDJ-Insights_tutorial_regions/TR/GCA_013371645.1_OryCun3.0_genomic__AMPH__STARD3NL__CM023781.1__extracted__TRG.fasta___bowtie	IMGT000032_TRBV7-7*01_Oryctolagus_cuniculus_Thorbecke_inbred	100.000	7	0	0	5	11	209	215	9.6	14.4	CTGGGGG	CTGGGGG	92	7
IMGT000030_TRGJ2*01_Oryctolagus_cuniculus_Thorbecke_inbred___241179___241229___+___/content/VDJ-Insights/VDJ-Insights_tutorial_regions/TR/GCA_013371645.1_OryCun3.0_genomic__AMPH__STARD3NL__CM023781.1__extracted__TRG.fasta___bowtie	IMGT000030_TRGJ2*01_Oryctolagus_cuniculus_Thorbecke_inbred	100.000	50	0	0	1	50	1	50	2.08e-24	99.6	GAACTATTATGAGAAAGTCTTCGGTGCTGGAACAAAACTTGTTGTCATAG	GAACTATTATGAGAAAGTCTTCGGTGCTGGAACAAAACTTGTTGTCATAG	100	50
IMGT000030_TRGJ2*01_Oryctolagus_cuniculus_Thorbecke_inbred___241179___241229___+___/content/VDJ-Insights/VDJ-Insights_tutorial_regions/TR/GCA_013371645.1_OryCun3.0_genomic__AMPH__STARD3NL__CM023781.1__extracted__TRG.fasta___bowtie	IMGT000032_TRBV6-4*01_Oryctolagus_cuniculus_Thorbecke_inbred	100.000	11	0	0	40	50	94	84	0.39	22.3	TGTTGTCATAG	TGTTGTCATAG	54	11
IMGT000030_TRGJ2*01_Oryctolagus_cuniculus_Thorbecke_inbred___241179___241229___+___/content/VDJ-Insights/VDJ-Insights_tutorial_regions/TR/GCA_013371645.1_OryCun3.0_genomic__AMPH__STARD3NL__CM023781.1__extracted__TRG.fasta___bowtie	IMGT000032_TRBV6-4*01_Oryctolagus_cuniculus_Thorbecke_inbred	100.000	9	0	0	9	17	164	172	6.1	18.3	ATGAGAAAG	ATGAGAAAG	54	9
IMGT000030_TRGJ2*01_Oryctolagus_cuniculus_Thorbecke_inbred___241179___241229___+___/content/VDJ-Insights/VDJ-Insights_tutorial_regions/TR/GCA_013371645.1_OryCun3.0_genomic__AMPH__STARD3NL__CM023781.1__extracted__TRG.fasta___bowtie	IMGT000032_TRBV6-4*01_Oryctolagus_cuniculus_Thorbecke_inbred	100.000	7	0	0	1	7	81	87	95	14.4	GAACTAT	GAACTAT	54	7
IMGT000030_TRGJ2*01_Oryctolagus_cuniculus_Thorbecke_inbred___241179___241229___+___/content/VDJ-Insights/VDJ-Insights_tutorial_regions/TR/GCA_013371645.1_OryCun3.0_genomic__AMPH__STARD3NL__CM023781.1__extracted__TRG.fasta___bowtie	IMGT000032_TRBV6-10*01_Oryctolagus_cuniculus_Thorbecke_inbred	100.000	11	0	0	40	50	94	84	0.39	22.3	TGTTGTCATAG	TGTTGTCATAG	56	11
IMGT000030_TRGJ2*01_Oryctolagus_cuniculus_Thorbecke_inbred___241179___241229___+___/content/VDJ-Insights/VDJ-Insights_tutorial_regions/TR/GCA_013371645.1_OryCun3.0_genomic__AMPH__STARD3NL__CM023781.1__extracted__TRG.fasta___bowtie	IMGT000032_TRBV6-10*01_Oryctolagus_cuniculus_Thorbecke_inbred	100.000	7	0	0	24	30	2	8	95	14.4	GTGCTGG	GTGCTGG	56	7
IMGT000030_TRGJ2*01_Oryctolagus_cuniculus_Thorbecke_inbred___241179___241229___+___/content/VDJ-Insights/VDJ-Insights_tutorial_regions/TR/GCA_013371645.1_OryCun3.0_genomic__AMPH__STARD3NL__CM023781.1__extracted__TRG.fasta___bowtie	IMGT000032_TRBV6-10*01_Oryctolagus_cuniculus_Thorbecke_inbred	100.000	7	0	0	1	7	81	87	95	14.4	GAACTAT	GAACTAT	56	7
IMGT000030_TRGJ2*01_Oryctolagus_cuniculus_Thorbecke_inbred___241179___241229___+___/content/VDJ-Insights/VDJ-Insights_tutorial_regions/TR/GCA_013371645.1_OryCun3.0_genomic__AMPH__STARD3NL__CM023781.1__extracted__TRG.fasta___bowtie	IMGT000032_TRBV6-10*01_Oryctolagus_cuniculus_Thorbecke_inbred	100.000	7	0	0	27	33	33	27	95	14.4	CTGGAAC	CTGGAAC	56	7
IMGT000030_TRGJ2*01_Oryctolagus_cuniculus_Thorbecke_inbred___241179___241229___+___/content/VDJ-Insights/VDJ-Insights_tutorial_regions/TR/GCA_013371645.1_OryCun3.0_genomic__AMPH__STARD3NL__CM023781.1__extracted__TRG.fasta___bowtie	BK064757_TRAJ36*01_Oryctolagus_cuniculus_Thorbecke_inbred	100.000	10	0	0	27	36	35	44	1.5	20.3	CTGGAACAAA	CTGGAACAAA	20	10
IMGT000030_TRGJ2*01_Oryctolagus_cuniculus_Thorbecke_inbred___241179___241229___+___/content/VDJ-Insights/VDJ-Insights_tutorial_regions/TR/GCA_013371645.1_OryCun3.0_genomic__AMPH__STARD3NL__CM023781.1__extracted__TRG.fasta___bowtie	BK064757_TRAJ13*01_Oryctolagus_cuniculus_Thorbecke_inbred	100.000	10	0	0	27	36	37	46	1.5	20.3	CTGGAACAAA	CTGGAACAAA	20	10
BK064757_TRDD1*01_Oryctolagus_cuniculus_Thorbecke_inbred___326122___326133___-___/content/VDJ-Insights/VDJ-Insights_tutorial_regions/TR/GCA_013371645.1_OryCun3.0_genomic__MGAM__EPHB6__CM023778.1__extracted__TRB.fasta___bowtie	BK064757_TRDD1*01_Oryctolagus_cuniculus_Thorbecke_inbred	100.000	9	0	0	3	11	9	1	0.46	18.3	ACCCGTAGT	ACCCGTAGT	82	9
BK064757_TRDD1*01_Oryctolagus_cuniculus_Thorbecke_inbred___326122___326133___-___/content/VDJ-Insights/VDJ-Insights_tutorial_regions/TR/GCA_013371645.1_OryCun3.0_genomic__MGAM__EPHB6__CM023778.1__extracted__TRB.fasta___bowtie	BK064757_TRAJ47*01_Oryctolagus_cuniculus_Thorbecke_inbred	100.000	8	0	0	4	11	11	4	1.8	16.4	CCCGTAGT	CCCGTAGT	73	8
BK064757_TRDD1*01_Oryctolagus_cuniculus_Thorbecke_inbred___326122___326133___-___/content/VDJ-Insights/VDJ-Insights_tutorial_regions/TR/GCA_013371645.1_OryCun3.0_genomic__MGAM__EPHB6__CM023778.1__extracted__TRB.fasta___bowtie	BK064757_TRAV45-6*01_Oryctolagus_cuniculus_Thorbecke_inbred	100.000	8	0	0	1	8	25	32	1.8	16.4	GGACCCGT	GGACCCGT	73	8
BK064757_TRDD1*01_Oryctolagus_cuniculus_Thorbecke_inbred___326122___326133___-___/content/VDJ-Insights/VDJ-Insights_tutorial_regions/TR/GCA_013371645.1_OryCun3.0_genomic__MGAM__EPHB6__CM023778.1__extracted__TRB.fasta___bowtie	BK064757_TRAV45-5*01_Oryctolagus_cuniculus_Thorbecke_inbred	100.000	8	0	0	1	8	25	32	1.8	16.4	GGACCCGT	GGACCCGT	73	8
BK064757_TRDD1*01_Oryctolagus_cuniculus_Thorbecke_inbred___326122___326133___-___/content/VDJ-Insights/VDJ-Insights_tutorial_regions/TR/GCA_013371645.1_OryCun3.0_genomic__MGAM__EPHB6__CM023778.1__extracted__TRB.fasta___bowtie	IMGT000032_TRBJ1-5*01_Oryctolagus_cuniculus_Thorbecke_inbred	100.000	7	0	0	1	7	23	29	7.2	14.4	GGACCCG	GGACCCG	64	7
IMGT000032_TRBD1*01_Oryctolagus_cuniculus_Thorbecke_inbred___1018563___1018575___+___/content/VDJ-Insights/VDJ-Insights_tutorial_regions/TR/GCA_013371645.1_OryCun3.0_genomic__MGAM__EPHB6__CM023778.1__extracted__TRB.fasta___bowtie	IMGT000032_TRBD1*01_Oryctolagus_cuniculus_Thorbecke_inbred	100.000	12	0	0	1	12	1	12	0.010	24.3	GGGACAGGGGGC	GGGACAGGGGGC	100	12
IMGT000032_TRBD1*01_Oryctolagus_cuniculus_Thorbecke_inbred___1018563___1018575___+___/content/VDJ-Insights/VDJ-Insights_tutorial_regions/TR/GCA_013371645.1_OryCun3.0_genomic__MGAM__EPHB6__CM023778.1__extracted__TRB.fasta___bowtie	IMGT000032_TRBV26*01_Oryctolagus_cuniculus_Thorbecke_inbred	100.000	9	0	0	1	9	40	48	0.61	18.3	GGGACAGGG	GGGACAGGG	92	9
IMGT000032_TRBD1*01_Oryctolagus_cuniculus_Thorbecke_inbred___1018563___1018575___+___/content/VDJ-Insights/VDJ-Insights_tutorial_regions/TR/GCA_013371645.1_OryCun3.0_genomic__MGAM__EPHB6__CM023778.1__extracted__TRB.fasta___bowtie	IMGT000032_TRBV26*01_Oryctolagus_cuniculus_Thorbecke_inbred	100.000	7	0	0	5	11	228	222	9.6	14.4	CAGGGGG	CAGGGGG	92	7
IMGT000032_TRBD1*01_Oryctolagus_cuniculus_Thorbecke_inbred___1018563___1018575___+___/content/VDJ-Insights/VDJ-Insights_tutorial_regions/TR/GCA_013371645.1_OryCun3.0_genomic__MGAM__EPHB6__CM023778.1__extracted__TRB.fasta___bowtie	BK064757_TRAJ49*01_Oryctolagus_cuniculus_Thorbecke_inbred	100.000	8	0	0	1	8	29	36	2.4	16.4	GGGACAGG	GGGACAGG	67	8
IMGT000032_TRBD1*01_Oryctolagus_cuniculus_Thorbecke_inbred___1018563___1018575___+___/content/VDJ-Insights/VDJ-Insights_tutorial_regions/TR/GCA_013371645.1_OryCun3.0_genomic__MGAM__EPHB6__CM023778.1__extracted__TRB.fasta___bowtie	BK064757_TRAJ23*01_Oryctolagus_cuniculus_Thorbecke_inbred	100.000	8	0	0	2	9	33	40	2.4	16.4	GGACAGGG	GGACAGGG	67	8
IMGT000032_TRBD1*01_Oryctolagus_cuniculus_Thorbecke_inbred___1018563___1018575___+___/content/VDJ-Insights/VDJ-Insights_tutorial_regions/TR/GCA_013371645.1_OryCun3.0_genomic__MGAM__EPHB6__CM023778.1__extracted__TRB.fasta___bowtie	IMGT000032_TRBV7-4*01_Oryctolagus_cuniculus_Thorbecke_inbred	100.000	8	0	0	2	9	26	33	2.4	16.4	GGACAGGG	GGACAGGG	75	8
IMGT000032_TRBD1*01_Oryctolagus_cuniculus_Thorbecke_inbred___1018563___1018575___+___/content/VDJ-Insights/VDJ-Insights_tutorial_regions/TR/GCA_013371645.1_OryCun3.0_genomic__MGAM__EPHB6__CM023778.1__extracted__TRB.fasta___bowtie	IMGT000032_TRBV7-4*01_Oryctolagus_cuniculus_Thorbecke_inbred	100.000	7	0	0	1	7	45	51	9.6	14.4	GGGACAG	GGGACAG	75	7
IMGT000032_TRBJ1-1*01_Oryctolagus_cuniculus_Thorbecke_inbred___1019227___1019275___+___/content/VDJ-Insights/VDJ-Insights_tutorial_regions/TR/GCA_013371645.1_OryCun3.0_genomic__MGAM__EPHB6__CM023778.1__extracted__TRB.fasta___bowtie	IMGT000032_TRBJ1-1*01_Oryctolagus_cuniculus_Thorbecke_inbred	100.000	48	0	0	1	48	1	48	3.08e-23	95.6	TCAACACTGAACTTTTCTTTGGAGAAGGCACCAGACTCACAGTTATAG	TCAACACTGAACTTTTCTTTGGAGAAGGCACCAGACTCACAGTTATAG	100	48
IMGT000032_TRBJ1-1*01_Oryctolagus_cuniculus_Thorbecke_inbred___1019227___1019275___+___/content/VDJ-Insights/VDJ-Insights_tutorial_regions/TR/GCA_013371645.1_OryCun3.0_genomic__MGAM__EPHB6__CM023778.1__extracted__TRB.fasta___bowtie	BK064757_TRAJ43*01_Oryctolagus_cuniculus_Thorbecke_inbred	90.476	21	2	0	17	37	23	43	0.024	26.3	CTTTGGAGAAGGCACCAGACT	CTTTGGAGCAGGGACCAGACT	44	8AC3CG8
IMGT000032_TRBJ1-1*01_Oryctolagus_cuniculus_Thorbecke_inbred___1019227___1019275___+___/content/VDJ-Insights/VDJ-Insights_tutorial_regions/TR/GCA_013371645.1_OryCun3.0_genomic__MGAM__EPHB6__CM023778.1__extracted__TRB.fasta___bowtie	IMGT000032_TRBJ1-6*01_Oryctolagus_cuniculus_Thorbecke_inbred	87.500	24	3	0	17	40	17	40	0.094	24.3	CTTTGGAGAAGGCACCAGACTCAC	CTTTGGAGTCGGCACCAGGCTCAC	50	8ATAC8AG5
IMGT000032_TRBJ1-1*01_Oryctolagus_cuniculus_Thorbecke_inbred___1019227___1019275___+___/content/VDJ-Insights/VDJ-Insights_tutorial_regions/TR/GCA_013371645.1_OryCun3.0_genomic__MGAM__EPHB6__CM023778.1__extracted__TRB.fasta___bowtie	BK064757_TRAJ42*01_Oryctolagus_cuniculus_Thorbecke_inbred	93.750	16	1	0	16	31	31	46	0.094	24.3	TCTTTGGAGAAGGCAC	TCTTTGGAAAAGGCAC	33	8GA7
IMGT000032_TRBJ1-1*01_Oryctolagus_cuniculus_Thorbecke_inbred___1019227___1019275___+___/content/VDJ-Insights/VDJ-Insights_tutorial_regions/TR/GCA_013371645.1_OryCun3.0_genomic__MGAM__EPHB6__CM023778.1__extracted__TRB.fasta___bowtie	S60737_TRBJ2-6*01_Oryctolagus_cuniculus	92.857	14	1	0	27	40	26	39	1.5	20.3	GGCACCAGACTCAC	GGCACCAAACTCAC	29	7GA6
IMGT000032_TRBJ1-2*01_Oryctolagus_cuniculus_Thorbecke_inbred___1019362___1019410___+___/content/VDJ-Insights/VDJ-Insights_tutorial_regions/TR/GCA_013371645.1_OryCun3.0_genomic__MGAM__EPHB6__CM023778.1__extracted__TRB.fasta___bowtie	IMGT000032_TRBJ1-2*01_Oryctolagus_cuniculus_Thorbecke_inbred	100.000	48	0	0	1	48	1	48	3.08e-23	95.6	CCAACTATGACTACACCTTCGGCTCAGGGACGAGGCTGACGGTTGTAG	CCAACTATGACTACACCTTCGGCTCAGGGACGAGGCTGACGGTTGTAG	100	48
IMGT000032_TRBJ1-2*01_Oryctolagus_cuniculus_Thorbecke_inbred___1019362___1019410___+___/content/VDJ-Insights/VDJ-Insights_tutorial_regions/TR/GCA_013371645.1_OryCun3.0_genomic__MGAM__EPHB6__CM023778.1__extracted__TRB.fasta___bowtie	IMGT000032_TRBV6-9*01_Oryctolagus_cuniculus_Thorbecke_inbred	100.000	13	0	0	3	15	82	94	0.024	26.3	AACTATGACTACA	AACTATGACTACA	42	13
IMGT000032_TRBJ1-2*01_Oryctolagus_cuniculus_Thorbecke_inbred___1019362___1019410___+___/content/VDJ-Insights/VDJ-Insights_tutorial_regions/TR/GCA_013371645.1_OryCun3.0_genomic__MGAM__EPHB6__CM023778.1__extracted__TRB.fasta___bowtie	IMGT000032_TRBV6-9*01_Oryctolagus_cuniculus_Thorbecke_inbred	100.000	7	0	0	23	29	168	162	90	14.4	CTCAGGG	CTCAGGG	42	7
IMGT000032_TRBJ1-2*01_Oryctolagus_cuniculus_Thorbecke_inbred___1019362___1019410___+___/content/VDJ-Insights/VDJ-Insights_tutorial_regions/TR/GCA_013371645.1_OryCun3.0_genomic__MGAM__EPHB6__CM023778.1__extracted__TRB.fasta___bowtie	IMGT000032_TRBV6-7*01_Oryctolagus_cuniculus_Thorbecke_inbred	100.000	13	0	0	3	15	82	94	0.024	26.3	AACTATGACTACA	AACTATGACTACA	44	13
IMGT000032_TRBJ1-2*01_Oryctolagus_cuniculus_Thorbecke_inbred___1019362___1019410___+___/content/VDJ-Insights/VDJ-Insights_tutorial_regions/TR/GCA_013371645.1_OryCun3.0_genomic__MGAM__EPHB6__CM023778.1__extracted__TRB.fasta___bowtie	IMGT000032_TRBV6-7*01_Oryctolagus_cuniculus_Thorbecke_inbred	100.000	8	0	0	35	42	242	235	23	16.4	GCTGACGG	GCTGACGG	44	8
IMGT000032_TRBJ1-2*01_Oryctolagus_cuniculus_Thorbecke_inbred___1019362___1019410___+___/content/VDJ-Insights/VDJ-Insights_tutorial_regions/TR/GCA_013371645.1_OryCun3.0_genomic__MGAM__EPHB6__CM023778.1__extracted__TRB.fasta___bowtie	IMGT000032_TRBV6-5*01_Oryctolagus_cuniculus_Thorbecke_inbred	100.000	13	0	0	3	15	82	94	0.024	26.3	AACTATGACTACA	AACTATGACTACA	27	13
IMGT000032_TRBJ1-2*01_Oryctolagus_cuniculus_Thorbecke_inbred___1019362___1019410___+___/content/VDJ-Insights/VDJ-Insights_tutorial_regions/TR/GCA_013371645.1_OryCun3.0_genomic__MGAM__EPHB6__CM023778.1__extracted__TRB.fasta___bowtie	IMGT000032_TRBV6-3*01_Oryctolagus_cuniculus_Thorbecke_inbred	100.000	13	0	0	3	15	82	94	0.024	26.3	AACTATGACTACA	AACTATGACTACA	27	13
IMGT000032_TRBJ1-3*01_Oryctolagus_cuniculus_Thorbecke_inbred___1019890___1019940___+___/content/VDJ-Insights/VDJ-Insights_tutorial_regions/TR/GCA_013371645.1_OryCun3.0_genomic__MGAM__EPHB6__CM023778.1__extracted__TRB.fasta___bowtie	IMGT000032_TRBJ1-3*01_Oryctolagus_cuniculus_Thorbecke_inbred	98.000	50	1	0	1	50	1	50	5.06e-22	91.7	TTCTGGAAACACCGTCTATTTCGGGGAGGGAAGCCGGCTCACTGTTGTAG	TTCTGGAAACACCGTCTATTTCGGGGAGGGAAGCCAGCTCACTGTTGTAG	100	35GA14
IMGT000032_TRBJ1-3*01_Oryctolagus_cuniculus_Thorbecke_inbred___1019890___1019940___+___/content/VDJ-Insights/VDJ-Insights_tutorial_regions/TR/GCA_013371645.1_OryCun3.0_genomic__MGAM__EPHB6__CM023778.1__extracted__TRB.fasta___bowtie	BK064757_TRDV5*01_Oryctolagus_cuniculus_Thorbecke_inbred	100.000	11	0	0	12	22	260	270	0.39	22.3	CCGTCTATTTC	CCGTCTATTTC	22	11
IMGT000032_TRBJ1-3*01_Oryctolagus_cuniculus_Thorbecke_inbred___1019890___1019940___+___/content/VDJ-Insights/VDJ-Insights_tutorial_regions/TR/GCA_013371645.1_OryCun3.0_genomic__MGAM__EPHB6__CM023778.1__extracted__TRB.fasta___bowtie	BK064757_TRAV13-4*01_Oryctolagus_cuniculus_Thorbecke_inbred	100.000	11	0	0	36	46	182	192	0.39	22.3	GGCTCACTGTT	GGCTCACTGTT	38	11
IMGT000032_TRBJ1-3*01_Oryctolagus_cuniculus_Thorbecke_inbred___1019890___1019940___+___/content/VDJ-Insights/VDJ-Insights_tutorial_regions/TR/GCA_013371645.1_OryCun3.0_genomic__MGAM__EPHB6__CM023778.1__extracted__TRB.fasta___bowtie	BK064757_TRAV13-4*01_Oryctolagus_cuniculus_Thorbecke_inbred	100.000	8	0	0	40	47	85	78	24	16.4	CACTGTTG	CACTGTTG	38	8
IMGT000032_TRBJ1-3*01_Oryctolagus_cuniculus_Thorbecke_inbred___1019890___1019940___+___/content/VDJ-Insights/VDJ-Insights_tutorial_regions/TR/GCA_013371645.1_OryCun3.0_genomic__MGAM__EPHB6__CM023778.1__extracted__TRB.fasta___bowtie	BK064757_TRAV13-4*01_Oryctolagus_cuniculus_Thorbecke_inbred	100.000	7	0	0	16	22	93	99	95	14.4	CTATTTC	CTATTTC	38	7
IMGT000032_TRBJ1-3*01_Oryctolagus_cuniculus_Thorbecke_inbred___1019890___1019940___+___/content/VDJ-Insights/VDJ-Insights_tutorial_regions/TR/GCA_013371645.1_OryCun3.0_genomic__MGAM__EPHB6__CM023778.1__extracted__TRB.fasta___bowtie	BK064757_TRAV13-1*01_Oryctolagus_cuniculus_Thorbecke_inbred	100.000	11	0	0	36	46	182	192	0.39	22.3	GGCTCACTGTT	GGCTCACTGTT	36	11
IMGT000032_TRBJ1-3*01_Oryctolagus_cuniculus_Thorbecke_inbred___1019890___1019940___+___/content/VDJ-Insights/VDJ-Insights_tutorial_regions/TR/GCA_013371645.1_OryCun3.0_genomic__MGAM__EPHB6__CM023778.1__extracted__TRB.fasta___bowtie	BK064757_TRAV13-1*01_Oryctolagus_cuniculus_Thorbecke_inbred	100.000	7	0	0	16	22	93	99	95	14.4	CTATTTC	CTATTTC	36	7
IMGT000032_TRBJ1-3*01_Oryctolagus_cuniculus_Thorbecke_inbred___1019890___1019940___+___/content/VDJ-Insights/VDJ-Insights_tutorial_regions/TR/GCA_013371645.1_OryCun3.0_genomic__MGAM__EPHB6__CM023778.1__extracted__TRB.fasta___bowtie	BK064757_TRAV5-6*01_Oryctolagus_cuniculus_Thorbecke_inbred	100.000	10	0	0	36	45	182	191	1.5	20.3	GGCTCACTGT	GGCTCACTGT	52	10
IMGT000032_TRBJ1-3*01_Oryctolagus_cuniculus_Thorbecke_inbred___1019890___1019940___+___/content/VDJ-Insights/VDJ-Insights_tutorial_regions/TR/GCA_013371645.1_OryCun3.0_genomic__MGAM__EPHB6__CM023778.1__extracted__TRB.fasta___bowtie	BK064757_TRAV5-6*01_Oryctolagus_cuniculus_Thorbecke_inbred	100.000	8	0	0	10	17	12	5	24	16.4	CACCGTCT	CACCGTCT	52	8
IMGT000032_TRBJ1-3*01_Oryctolagus_cuniculus_Thorbecke_inbred___1019890___1019940___+___/content/VDJ-Insights/VDJ-Insights_tutorial_regions/TR/GCA_013371645.1_OryCun3.0_genomic__MGAM__EPHB6__CM023778.1__extracted__TRB.fasta___bowtie	BK064757_TRAV5-6*01_Oryctolagus_cuniculus_Thorbecke_inbred	100.000	8	0	0	24	31	41	48	24	16.4	GGGAGGGA	GGGAGGGA	52	8
IMGT000032_TRBJ1-5*01_Oryctolagus_cuniculus_Thorbecke_inbred___1020705___1020748___+___/content/VDJ-Insights/VDJ-Insights_tutorial_regions/TR/GCA_013371645.1_OryCun3.0_genomic__MGAM__EPHB6__CM023778.1__extracted__TRB.fasta___bowtie	IMGT000032_TRBJ1-5*01_Oryctolagus_cuniculus_Thorbecke_inbred	100.000	43	0	0	1	43	1	43	2.58e-20	85.7	CAGCAGCAGCATTTTGGCAGCGGGACCCGACTCTCTGTCCTAG	CAGCAGCAGCATTTTGGCAGCGGGACCCGACTCTCTGTCCTAG	100	43
IMGT000032_TRBJ1-5*01_Oryctolagus_cuniculus_Thorbecke_inbred___1020705___1020748___+___/content/VDJ-Insights/VDJ-Insights_tutorial_regions/TR/GCA_013371645.1_OryCun3.0_genomic__MGAM__EPHB6__CM023778.1__extracted__TRB.fasta___bowtie	BK064757_TRAV45-7*01_Oryctolagus_cuniculus_Thorbecke_inbred	100.000	13	0	0	29	41	181	169	0.021	26.3	GACTCTCTGTCCT	GACTCTCTGTCCT	30	13
IMGT000032_TRBJ1-5*01_Oryctolagus_cuniculus_Thorbecke_inbred___1020705___1020748___+___/content/VDJ-Insights/VDJ-Insights_tutorial_regions/TR/GCA_013371645.1_OryCun3.0_genomic__MGAM__EPHB6__CM023778.1__extracted__TRB.fasta___bowtie	BK064757_TRAJ35*01_Oryctolagus_cuniculus_Thorbecke_inbred	100.000	9	0	0	9	17	26	34	5.0	18.3	GCATTTTGG	GCATTTTGG	21	9
IMGT000032_TRBJ1-5*01_Oryctolagus_cuniculus_Thorbecke_inbred___1020705___1020748___+___/content/VDJ-Insights/VDJ-Insights_tutorial_regions/TR/GCA_013371645.1_OryCun3.0_genomic__MGAM__EPHB6__CM023778.1__extracted__TRB.fasta___bowtie	BK064757_TRAJ24*01_Oryctolagus_cuniculus_Thorbecke_inbred	100.000	9	0	0	9	17	26	34	5.0	18.3	GCATTTTGG	GCATTTTGG	37	9
IMGT000032_TRBJ1-5*01_Oryctolagus_cuniculus_Thorbecke_inbred___1020705___1020748___+___/content/VDJ-Insights/VDJ-Insights_tutorial_regions/TR/GCA_013371645.1_OryCun3.0_genomic__MGAM__EPHB6__CM023778.1__extracted__TRB.fasta___bowtie	BK064757_TRAJ24*01_Oryctolagus_cuniculus_Thorbecke_inbred	100.000	7	0	0	9	15	27	21	78	14.4	GCATTTT	GCATTTT	37	7
IMGT000032_TRBJ1-5*01_Oryctolagus_cuniculus_Thorbecke_inbred___1020705___1020748___+___/content/VDJ-Insights/VDJ-Insights_tutorial_regions/TR/GCA_013371645.1_OryCun3.0_genomic__MGAM__EPHB6__CM023778.1__extracted__TRB.fasta___bowtie	BK064757_TRAJ24*01_Oryctolagus_cuniculus_Thorbecke_inbred	100.000	7	0	0	22	28	39	45	78	14.4	GGGACCC	GGGACCC	37	7
IMGT000032_TRBJ1-5*01_Oryctolagus_cuniculus_Thorbecke_inbred___1020705___1020748___+___/content/VDJ-Insights/VDJ-Insights_tutorial_regions/TR/GCA_013371645.1_OryCun3.0_genomic__MGAM__EPHB6__CM023778.1__extracted__TRB.fasta___bowtie	IMGT000032_TRBV7-9*01_Oryctolagus_cuniculus_Thorbecke_inbred	100.000	9	0	0	4	12	279	287	5.0	18.3	CAGCAGCAT	CAGCAGCAT	47	9
IMGT000032_TRBJ1-5*01_Oryctolagus_cuniculus_Thorbecke_inbred___1020705___1020748___+___/content/VDJ-Insights/VDJ-Insights_tutorial_regions/TR/GCA_013371645.1_OryCun3.0_genomic__MGAM__EPHB6__CM023778.1__extracted__TRB.fasta___bowtie	IMGT000032_TRBV7-9*01_Oryctolagus_cuniculus_Thorbecke_inbred	100.000	8	0	0	1	8	279	286	20	16.4	CAGCAGCA	CAGCAGCA	47	8
IMGT000032_TRBJ1-5*01_Oryctolagus_cuniculus_Thorbecke_inbred___1020705___1020748___+___/content/VDJ-Insights/VDJ-Insights_tutorial_regions/TR/GCA_013371645.1_OryCun3.0_genomic__MGAM__EPHB6__CM023778.1__extracted__TRB.fasta___bowtie	IMGT000032_TRBV7-9*01_Oryctolagus_cuniculus_Thorbecke_inbred	100.000	7	0	0	34	40	52	46	78	14.4	TCTGTCC	TCTGTCC	47	7
IMGT000032_TRBJ1-5*01_Oryctolagus_cuniculus_Thorbecke_inbred___1020705___1020748___+___/content/VDJ-Insights/VDJ-Insights_tutorial_regions/TR/GCA_013371645.1_OryCun3.0_genomic__MGAM__EPHB6__CM023778.1__extracted__TRB.fasta___bowtie	IMGT000032_TRBV7-9*01_Oryctolagus_cuniculus_Thorbecke_inbred	100.000	7	0	0	33	39	113	107	78	14.4	CTCTGTC	CTCTGTC	47	7
IMGT000032_TRBJ1-6*01_Oryctolagus_cuniculus_Thorbecke_inbred___1021169___1021217___+___/content/VDJ-Insights/VDJ-Insights_tutorial_regions/TR/GCA_013371645.1_OryCun3.0_genomic__MGAM__EPHB6__CM023778.1__extracted__TRB.fasta___bowtie	IMGT000032_TRBJ1-6*01_Oryctolagus_cuniculus_Thorbecke_inbred	100.000	48	0	0	1	48	1	48	3.08e-23	95.6	CTAATTCACCACTCCACTTTGGAGTCGGCACCAGGCTCACCGTGACAG	CTAATTCACCACTCCACTTTGGAGTCGGCACCAGGCTCACCGTGACAG	100	48
IMGT000032_TRBJ1-6*01_Oryctolagus_cuniculus_Thorbecke_inbred___1021169___1021217___+___/content/VDJ-Insights/VDJ-Insights_tutorial_regions/TR/GCA_013371645.1_OryCun3.0_genomic__MGAM__EPHB6__CM023778.1__extracted__TRB.fasta___bowtie	S60737_TRBJ2-4*01_Oryctolagus_cuniculus	100.000	12	0	0	27	38	28	39	0.094	24.3	GGCACCAGGCTC	GGCACCAGGCTC	25	12
IMGT000032_TRBJ1-6*01_Oryctolagus_cuniculus_Thorbecke_inbred___1021169___1021217___+___/content/VDJ-Insights/VDJ-Insights_tutorial_regions/TR/GCA_013371645.1_OryCun3.0_genomic__MGAM__EPHB6__CM023778.1__extracted__TRB.fasta___bowtie	IMGT000032_TRBJ1-1*01_Oryctolagus_cuniculus_Thorbecke_inbred	87.500	24	3	0	17	40	17	40	0.094	24.3	CTTTGGAGTCGGCACCAGGCTCAC	CTTTGGAGAAGGCACCAGACTCAC	50	8TACA8GA5
IMGT000032_TRBJ1-6*01_Oryctolagus_cuniculus_Thorbecke_inbred___1021169___1021217___+___/content/VDJ-Insights/VDJ-Insights_tutorial_regions/TR/GCA_013371645.1_OryCun3.0_genomic__MGAM__EPHB6__CM023778.1__extracted__TRB.fasta___bowtie	IMGT000030_TRGV2*01_Oryctolagus_cuniculus_Thorbecke_inbred	100.000	12	0	0	12	23	15	4	0.094	24.3	CTCCACTTTGGA	CTCCACTTTGGA	44	12
IMGT000032_TRBJ1-6*01_Oryctolagus_cuniculus_Thorbecke_inbred___1021169___1021217___+___/content/VDJ-Insights/VDJ-Insights_tutorial_regions/TR/GCA_013371645.1_OryCun3.0_genomic__MGAM__EPHB6__CM023778.1__extracted__TRB.fasta___bowtie	IMGT000030_TRGV2*01_Oryctolagus_cuniculus_Thorbecke_inbred	100.000	8	0	0	17	24	134	141	23	16.4	CTTTGGAG	CTTTGGAG	44	8
IMGT000032_TRBJ1-6*01_Oryctolagus_cuniculus_Thorbecke_inbred___1021169___1021217___+___/content/VDJ-Insights/VDJ-Insights_tutorial_regions/TR/GCA_013371645.1_OryCun3.0_genomic__MGAM__EPHB6__CM023778.1__extracted__TRB.fasta___bowtie	IMGT000030_TRGV2*01_Oryctolagus_cuniculus_Thorbecke_inbred	100.000	8	0	0	1	8	145	152	23	16.4	CTAATTCA	CTAATTCA	44	8
IMGT000032_TRBJ1-6*01_Oryctolagus_cuniculus_Thorbecke_inbred___1021169___1021217___+___/content/VDJ-Insights/VDJ-Insights_tutorial_regions/TR/GCA_013371645.1_OryCun3.0_genomic__MGAM__EPHB6__CM023778.1__extracted__TRB.fasta___bowtie	IMGT000030_TRGV2*01_Oryctolagus_cuniculus_Thorbecke_inbred	100.000	7	0	0	13	19	235	241	90	14.4	TCCACTT	TCCACTT	44	7
IMGT000032_TRBJ1-6*01_Oryctolagus_cuniculus_Thorbecke_inbred___1021169___1021217___+___/content/VDJ-Insights/VDJ-Insights_tutorial_regions/TR/GCA_013371645.1_OryCun3.0_genomic__MGAM__EPHB6__CM023778.1__extracted__TRB.fasta___bowtie	IMGT000032_TRBJ2-6*02_Oryctolagus_cuniculus_Thorbecke_inbred	93.333	15	1	0	26	40	25	39	0.37	22.3	CGGCACCAGGCTCAC	CGGCACCAAGCTCAC	42	8GA6
IMGT000032_TRBJ1-6*01_Oryctolagus_cuniculus_Thorbecke_inbred___1021169___1021217___+___/content/VDJ-Insights/VDJ-Insights_tutorial_regions/TR/GCA_013371645.1_OryCun3.0_genomic__MGAM__EPHB6__CM023778.1__extracted__TRB.fasta___bowtie	IMGT000032_TRBJ2-6*02_Oryctolagus_cuniculus_Thorbecke_inbred	100.000	7	0	0	39	45	42	36	90	14.4	ACCGTGA	ACCGTGA	42	7
S60737_TRBD2*01_Oryctolagus_cuniculus___1032907___1032922___+___/content/VDJ-Insights/VDJ-Insights_tutorial_regions/TR/GCA_013371645.1_OryCun3.0_genomic__MGAM__EPHB6__CM023778.1__extracted__TRB.fasta___bowtie	S60737_TRBD2*01_Oryctolagus_cuniculus	100.000	15	0	0	1	15	1	15	2.41e-04	30.2	GGGACTGGGGGGGGG	GGGACTGGGGGGGGG	100	15
S60737_TRBD2*01_Oryctolagus_cuniculus___1032907___1032922___+___/content/VDJ-Insights/VDJ-Insights_tutorial_regions/TR/GCA_013371645.1_OryCun3.0_genomic__MGAM__EPHB6__CM023778.1__extracted__TRB.fasta___bowtie	IMGT000032_TRBV5-10*01_Oryctolagus_cuniculus_Thorbecke_inbred	100.000	10	0	0	3	12	80	71	0.23	20.3	GACTGGGGGG	GACTGGGGGG	67	10
S60737_TRBD2*01_Oryctolagus_cuniculus___1032907___1032922___+___/content/VDJ-Insights/VDJ-Insights_tutorial_regions/TR/GCA_013371645.1_OryCun3.0_genomic__MGAM__EPHB6__CM023778.1__extracted__TRB.fasta___bowtie	BK064757_TRAJ38*01_Oryctolagus_cuniculus_Thorbecke_inbred	100.000	10	0	0	1	10	31	40	0.23	20.3	GGGACTGGGG	GGGACTGGGG	67	10
S60737_TRBD2*01_Oryctolagus_cuniculus___1032907___1032922___+___/content/VDJ-Insights/VDJ-Insights_tutorial_regions/TR/GCA_013371645.1_OryCun3.0_genomic__MGAM__EPHB6__CM023778.1__extracted__TRB.fasta___bowtie	IMGT000032_TRBV7-8*01_Oryctolagus_cuniculus_Thorbecke_inbred	100.000	9	0	0	1	9	22	14	0.92	18.3	GGGACTGGG	GGGACTGGG	73	9
S60737_TRBD2*01_Oryctolagus_cuniculus___1032907___1032922___+___/content/VDJ-Insights/VDJ-Insights_tutorial_regions/TR/GCA_013371645.1_OryCun3.0_genomic__MGAM__EPHB6__CM023778.1__extracted__TRB.fasta___bowtie	IMGT000032_TRBV7-8*01_Oryctolagus_cuniculus_Thorbecke_inbred	100.000	7	0	0	5	11	26	20	14	14.4	CTGGGGG	CTGGGGG	73	7
S60737_TRBD2*01_Oryctolagus_cuniculus___1032907___1032922___+___/content/VDJ-Insights/VDJ-Insights_tutorial_regions/TR/GCA_013371645.1_OryCun3.0_genomic__MGAM__EPHB6__CM023778.1__extracted__TRB.fasta___bowtie	IMGT000032_TRBV7-8*01_Oryctolagus_cuniculus_Thorbecke_inbred	100.000	7	0	0	5	11	209	215	14	14.4	CTGGGGG	CTGGGGG	73	7
S60737_TRBD2*01_Oryctolagus_cuniculus___1032907___1032922___+___/content/VDJ-Insights/VDJ-Insights_tutorial_regions/TR/GCA_013371645.1_OryCun3.0_genomic__MGAM__EPHB6__CM023778.1__extracted__TRB.fasta___bowtie	IMGT000032_TRBV7-7*01_Oryctolagus_cuniculus_Thorbecke_inbred	100.000	9	0	0	1	9	22	14	0.92	18.3	GGGACTGGG	GGGACTGGG	73	9
S60737_TRBD2*01_Oryctolagus_cuniculus___1032907___1032922___+___/content/VDJ-Insights/VDJ-Insights_tutorial_regions/TR/GCA_013371645.1_OryCun3.0_genomic__MGAM__EPHB6__CM023778.1__extracted__TRB.fasta___bowtie	IMGT000032_TRBV7-7*01_Oryctolagus_cuniculus_Thorbecke_inbred	100.000	7	0	0	5	11	26	20	14	14.4	CTGGGGG	CTGGGGG	73	7
S60737_TRBD2*01_Oryctolagus_cuniculus___1032907___1032922___+___/content/VDJ-Insights/VDJ-Insights_tutorial_regions/TR/GCA_013371645.1_OryCun3.0_genomic__MGAM__EPHB6__CM023778.1__extracted__TRB.fasta___bowtie	IMGT000032_TRBV7-7*01_Oryctolagus_cuniculus_Thorbecke_inbred	100.000	7	0	0	5	11	209	215	14	14.4	CTGGGGG	CTGGGGG	73	7
S60737_TRBJ2-3*01_Oryctolagus_cuniculus___1033968___1034017___+___/content/VDJ-Insights/VDJ-Insights_tutorial_regions/TR/GCA_013371645.1_OryCun3.0_genomic__MGAM__EPHB6__CM023778.1__extracted__TRB.fasta___bowtie	S60737_TRBJ2-3*01_Oryctolagus_cuniculus	100.000	49	0	0	1	49	1	49	8.00e-24	97.6	AGCTCAGAGACCCAGTATTTCGGCCCAGGCACTCGGCTGACCGTGCTTG	AGCTCAGAGACCCAGTATTTCGGCCCAGGCACTCGGCTGACCGTGCTTG	100	49
S60737_TRBJ2-3*01_Oryctolagus_cuniculus___1033968___1034017___+___/content/VDJ-Insights/VDJ-Insights_tutorial_regions/TR/GCA_013371645.1_OryCun3.0_genomic__MGAM__EPHB6__CM023778.1__extracted__TRB.fasta___bowtie	S60737_TRBJ2-5*01_Oryctolagus_cuniculus	100.000	14	0	0	34	47	38	51	0.006	28.2	CGGCTGACCGTGCT	CGGCTGACCGTGCT	29	14
S60737_TRBJ2-3*01_Oryctolagus_cuniculus___1033968___1034017___+___/content/VDJ-Insights/VDJ-Insights_tutorial_regions/TR/GCA_013371645.1_OryCun3.0_genomic__MGAM__EPHB6__CM023778.1__extracted__TRB.fasta___bowtie	S60737_TRBJ2-1*01_Oryctolagus_cuniculus	86.207	29	4	0	19	47	23	51	0.024	26.3	TTCGGCCCAGGCACTCGGCTGACCGTGCT	TTCGGACCAGGCACCCAGCTCACCGTGCT	59	5CA8TC1GA3GC8
S60737_TRBJ2-3*01_Oryctolagus_cuniculus___1033968___1034017___+___/content/VDJ-Insights/VDJ-Insights_tutorial_regions/TR/GCA_013371645.1_OryCun3.0_genomic__MGAM__EPHB6__CM023778.1__extracted__TRB.fasta___bowtie	IMGT000032_TRBJ2-6*02_Oryctolagus_cuniculus_Thorbecke_inbred	90.000	20	2	0	13	32	11	30	0.096	24.3	CAGTATTTCGGCCCAGGCAC	CAGTATTTCGGTCCCGGCAC	57	11CT2AC5
S60737_TRBJ2-3*01_Oryctolagus_cuniculus___1033968___1034017___+___/content/VDJ-Insights/VDJ-Insights_tutorial_regions/TR/GCA_013371645.1_OryCun3.0_genomic__MGAM__EPHB6__CM023778.1__extracted__TRB.fasta___bowtie	IMGT000032_TRBJ2-6*02_Oryctolagus_cuniculus_Thorbecke_inbred	100.000	8	0	0	38	45	44	37	23	16.4	TGACCGTG	TGACCGTG	57	8
S60737_TRBJ2-3*01_Oryctolagus_cuniculus___1033968___1034017___+___/content/VDJ-Insights/VDJ-Insights_tutorial_regions/TR/GCA_013371645.1_OryCun3.0_genomic__MGAM__EPHB6__CM023778.1__extracted__TRB.fasta___bowtie	S60737_TRBJ2-6*01_Oryctolagus_cuniculus	90.000	20	2	0	13	32	11	30	0.096	24.3	CAGTATTTCGGCCCAGGCAC	CAGTATTTCGGTCCCGGCAC	57	11CT2AC5
S60737_TRBJ2-3*01_Oryctolagus_cuniculus___1033968___1034017___+___/content/VDJ-Insights/VDJ-Insights_tutorial_regions/TR/GCA_013371645.1_OryCun3.0_genomic__MGAM__EPHB6__CM023778.1__extracted__TRB.fasta___bowtie	S60737_TRBJ2-6*01_Oryctolagus_cuniculus	100.000	8	0	0	38	45	44	37	23	16.4	TGACCGTG	TGACCGTG	57	8
S60737_TRBJ2-4*01_Oryctolagus_cuniculus___1034105___1034154___+___/content/VDJ-Insights/VDJ-Insights_tutorial_regions/TR/GCA_013371645.1_OryCun3.0_genomic__MGAM__EPHB6__CM023778.1__extracted__TRB.fasta___bowtie	S60737_TRBJ2-4*01_Oryctolagus_cuniculus	100.000	49	0	0	1	49	1	49	8.00e-24	97.6	AGCCAAAATACTCAGTACTTCGGTGCGGGCACCAGGCTCTCGGTGCTAG	AGCCAAAATACTCAGTACTTCGGTGCGGGCACCAGGCTCTCGGTGCTAG	100	49
S60737_TRBJ2-4*01_Oryctolagus_cuniculus___1034105___1034154___+___/content/VDJ-Insights/VDJ-Insights_tutorial_regions/TR/GCA_013371645.1_OryCun3.0_genomic__MGAM__EPHB6__CM023778.1__extracted__TRB.fasta___bowtie	S60737_TRBJ2-4*01_Oryctolagus_cuniculus	100.000	7	0	0	40	46	20	26	93	14.4	TCGGTGC	TCGGTGC	100	7
S60737_TRBJ2-4*01_Oryctolagus_cuniculus___1034105___1034154___+___/content/VDJ-Insights/VDJ-Insights_tutorial_regions/TR/GCA_013371645.1_OryCun3.0_genomic__MGAM__EPHB6__CM023778.1__extracted__TRB.fasta___bowtie	S60737_TRBJ2-4*01_Oryctolagus_cuniculus	100.000	7	0	0	20	26	40	46	93	14.4	TCGGTGC	TCGGTGC	100	7
S60737_TRBJ2-4*01_Oryctolagus_cuniculus___1034105___1034154___+___/content/VDJ-Insights/VDJ-Insights_tutorial_regions/TR/GCA_013371645.1_OryCun3.0_genomic__MGAM__EPHB6__CM023778.1__extracted__TRB.fasta___bowtie	IMGT000032_TRBJ2-6*02_Oryctolagus_cuniculus_Thorbecke_inbred	84.375	32	5	0	13	44	11	42	0.096	24.3	CAGTACTTCGGTGCGGGCACCAGGCTCTCGGT	CAGTATTTCGGTCCCGGCACCAAGCTCACGGT	80	5CT6GC1GC7GA4TA4
S60737_TRBJ2-4*01_Oryctolagus_cuniculus___1034105___1034154___+___/content/VDJ-Insights/VDJ-Insights_tutorial_regions/TR/GCA_013371645.1_OryCun3.0_genomic__MGAM__EPHB6__CM023778.1__extracted__TRB.fasta___bowtie	IMGT000032_TRBJ2-6*02_Oryctolagus_cuniculus_Thorbecke_inbred	100.000	7	0	0	6	12	18	12	93	14.4	AAATACT	AAATACT	80	7
S60737_TRBJ2-4*01_Oryctolagus_cuniculus___1034105___1034154___+___/content/VDJ-Insights/VDJ-Insights_tutorial_regions/TR/GCA_013371645.1_OryCun3.0_genomic__MGAM__EPHB6__CM023778.1__extracted__TRB.fasta___bowtie	IMGT000032_TRBJ1-6*01_Oryctolagus_cuniculus_Thorbecke_inbred	100.000	12	0	0	28	39	27	38	0.096	24.3	GGCACCAGGCTC	GGCACCAGGCTC	24	12
S60737_TRBJ2-4*01_Oryctolagus_cuniculus___1034105___1034154___+___/content/VDJ-Insights/VDJ-Insights_tutorial_regions/TR/GCA_013371645.1_OryCun3.0_genomic__MGAM__EPHB6__CM023778.1__extracted__TRB.fasta___bowtie	IMGT000032_TRBV7-9*01_Oryctolagus_cuniculus_Thorbecke_inbred	100.000	11	0	0	27	37	190	180	0.38	22.3	GGGCACCAGGC	GGGCACCAGGC	37	11
S60737_TRBJ2-4*01_Oryctolagus_cuniculus___1034105___1034154___+___/content/VDJ-Insights/VDJ-Insights_tutorial_regions/TR/GCA_013371645.1_OryCun3.0_genomic__MGAM__EPHB6__CM023778.1__extracted__TRB.fasta___bowtie	IMGT000032_TRBV7-9*01_Oryctolagus_cuniculus_Thorbecke_inbred	100.000	7	0	0	15	21	141	147	93	14.4	GTACTTC	GTACTTC	37	7
S60737_TRBJ2-4*01_Oryctolagus_cuniculus___1034105___1034154___+___/content/VDJ-Insights/VDJ-Insights_tutorial_regions/TR/GCA_013371645.1_OryCun3.0_genomic__MGAM__EPHB6__CM023778.1__extracted__TRB.fasta___bowtie	IMGT000032_TRBV7-8*01_Oryctolagus_cuniculus_Thorbecke_inbred	100.000	11	0	0	27	37	190	180	0.38	22.3	GGGCACCAGGC	GGGCACCAGGC	37	11
S60737_TRBJ2-4*01_Oryctolagus_cuniculus___1034105___1034154___+___/content/VDJ-Insights/VDJ-Insights_tutorial_regions/TR/GCA_013371645.1_OryCun3.0_genomic__MGAM__EPHB6__CM023778.1__extracted__TRB.fasta___bowtie	IMGT000032_TRBV7-8*01_Oryctolagus_cuniculus_Thorbecke_inbred	100.000	7	0	0	15	21	141	147	93	14.4	GTACTTC	GTACTTC	37	7
S60737_TRBJ2-6*01_Oryctolagus_cuniculus___1034489___1034536___+___/content/VDJ-Insights/VDJ-Insights_tutorial_regions/TR/GCA_013371645.1_OryCun3.0_genomic__MGAM__EPHB6__CM023778.1__extracted__TRB.fasta___bowtie	IMGT000032_TRBJ2-6*02_Oryctolagus_cuniculus_Thorbecke_inbred	100.000	47	0	0	1	47	1	47	1.19e-22	93.7	CTCCTATGAGCAGTATTTCGGTCCCGGCACCAAGCTCACGGTCACAG	CTCCTATGAGCAGTATTTCGGTCCCGGCACCAAGCTCACGGTCACAG	100	47
S60737_TRBJ2-6*01_Oryctolagus_cuniculus___1034489___1034536___+___/content/VDJ-Insights/VDJ-Insights_tutorial_regions/TR/GCA_013371645.1_OryCun3.0_genomic__MGAM__EPHB6__CM023778.1__extracted__TRB.fasta___bowtie	S60737_TRBJ2-6*01_Oryctolagus_cuniculus	97.872	47	1	0	1	47	1	47	2.89e-20	85.7	CTCCTATGAGCAGTATTTCGGTCCCGGCACCAAGCTCACGGTCACAG	CTCCTATGAGCAGTATTTCGGTCCCGGCACCAAACTCACGGTCACAG	100	33GA13
S60737_TRBJ2-6*01_Oryctolagus_cuniculus___1034489___1034536___+___/content/VDJ-Insights/VDJ-Insights_tutorial_regions/TR/GCA_013371645.1_OryCun3.0_genomic__MGAM__EPHB6__CM023778.1__extracted__TRB.fasta___bowtie	BK064757_TRAJ28*01_Oryctolagus_cuniculus_Thorbecke_inbred	90.476	21	2	0	26	46	40	60	0.023	26.3	GGCACCAAGCTCACGGTCACA	GGCACCAAACTCTCGGTCACA	45	8GA3AT8
S60737_TRBJ2-6*01_Oryctolagus_cuniculus___1034489___1034536___+___/content/VDJ-Insights/VDJ-Insights_tutorial_regions/TR/GCA_013371645.1_OryCun3.0_genomic__MGAM__EPHB6__CM023778.1__extracted__TRB.fasta___bowtie	BK064757_TRAJ28*01_Oryctolagus_cuniculus_Thorbecke_inbred	100.000	7	0	0	33	39	23	29	88	14.4	AGCTCAC	AGCTCAC	45	7
S60737_TRBJ2-6*01_Oryctolagus_cuniculus___1034489___1034536___+___/content/VDJ-Insights/VDJ-Insights_tutorial_regions/TR/GCA_013371645.1_OryCun3.0_genomic__MGAM__EPHB6__CM023778.1__extracted__TRB.fasta___bowtie	S60737_TRBJ2-4*01_Oryctolagus_cuniculus	84.375	32	5	0	11	42	13	44	0.091	24.3	CAGTATTTCGGTCCCGGCACCAAGCTCACGGT	CAGTACTTCGGTGCGGGCACCAGGCTCTCGGT	68	5TC6CG1CG7AG4AT4
S60737_TRBJ2-6*01_Oryctolagus_cuniculus___1034489___1034536___+___/content/VDJ-Insights/VDJ-Insights_tutorial_regions/TR/GCA_013371645.1_OryCun3.0_genomic__MGAM__EPHB6__CM023778.1__extracted__TRB.fasta___bowtie	S60737_TRBJ2-4*01_Oryctolagus_cuniculus	100.000	7	0	0	12	18	12	6	88	14.4	AGTATTT	AGTATTT	68	7
S60737_TRBJ2-6*01_Oryctolagus_cuniculus___1034489___1034536___+___/content/VDJ-Insights/VDJ-Insights_tutorial_regions/TR/GCA_013371645.1_OryCun3.0_genomic__MGAM__EPHB6__CM023778.1__extracted__TRB.fasta___bowtie	S60737_TRBJ2-3*01_Oryctolagus_cuniculus	90.000	20	2	0	11	30	13	32	0.091	24.3	CAGTATTTCGGTCCCGGCAC	CAGTATTTCGGCCCAGGCAC	60	11TC2CA5
S60737_TRBJ2-6*01_Oryctolagus_cuniculus___1034489___1034536___+___/content/VDJ-Insights/VDJ-Insights_tutorial_regions/TR/GCA_013371645.1_OryCun3.0_genomic__MGAM__EPHB6__CM023778.1__extracted__TRB.fasta___bowtie	S60737_TRBJ2-3*01_Oryctolagus_cuniculus	100.000	8	0	0	37	44	45	38	22	16.4	CACGGTCA	CACGGTCA	60	8
IMGT000032_TRBJ2-6*02_Oryctolagus_cuniculus_Thorbecke_inbred___1034489___1034536___+___/content/VDJ-Insights/VDJ-Insights_tutorial_regions/TR/GCA_013371645.1_OryCun3.0_genomic__MGAM__EPHB6__CM023778.1__extracted__TRB.fasta___bowtie	IMGT000032_TRBJ2-6*02_Oryctolagus_cuniculus_Thorbecke_inbred	100.000	47	0	0	1	47	1	47	1.19e-22	93.7	CTCCTATGAGCAGTATTTCGGTCCCGGCACCAAGCTCACGGTCACAG	CTCCTATGAGCAGTATTTCGGTCCCGGCACCAAGCTCACGGTCACAG	100	47
IMGT000032_TRBJ2-6*02_Oryctolagus_cuniculus_Thorbecke_inbred___1034489___1034536___+___/content/VDJ-Insights/VDJ-Insights_tutorial_regions/TR/GCA_013371645.1_OryCun3.0_genomic__MGAM__EPHB6__CM023778.1__extracted__TRB.fasta___bowtie	S60737_TRBJ2-6*01_Oryctolagus_cuniculus	97.872	47	1	0	1	47	1	47	2.89e-20	85.7	CTCCTATGAGCAGTATTTCGGTCCCGGCACCAAGCTCACGGTCACAG	CTCCTATGAGCAGTATTTCGGTCCCGGCACCAAACTCACGGTCACAG	100	33GA13
IMGT000032_TRBJ2-6*02_Oryctolagus_cuniculus_Thorbecke_inbred___1034489___1034536___+___/content/VDJ-Insights/VDJ-Insights_tutorial_regions/TR/GCA_013371645.1_OryCun3.0_genomic__MGAM__EPHB6__CM023778.1__extracted__TRB.fasta___bowtie	BK064757_TRAJ28*01_Oryctolagus_cuniculus_Thorbecke_inbred	90.476	21	2	0	26	46	40	60	0.023	26.3	GGCACCAAGCTCACGGTCACA	GGCACCAAACTCTCGGTCACA	45	8GA3AT8
IMGT000032_TRBJ2-6*02_Oryctolagus_cuniculus_Thorbecke_inbred___1034489___1034536___+___/content/VDJ-Insights/VDJ-Insights_tutorial_regions/TR/GCA_013371645.1_OryCun3.0_genomic__MGAM__EPHB6__CM023778.1__extracted__TRB.fasta___bowtie	BK064757_TRAJ28*01_Oryctolagus_cuniculus_Thorbecke_inbred	100.000	7	0	0	33	39	23	29	88	14.4	AGCTCAC	AGCTCAC	45	7
IMGT000032_TRBJ2-6*02_Oryctolagus_cuniculus_Thorbecke_inbred___1034489___1034536___+___/content/VDJ-Insights/VDJ-Insights_tutorial_regions/TR/GCA_013371645.1_OryCun3.0_genomic__MGAM__EPHB6__CM023778.1__extracted__TRB.fasta___bowtie	S60737_TRBJ2-4*01_Oryctolagus_cuniculus	84.375	32	5	0	11	42	13	44	0.091	24.3	CAGTATTTCGGTCCCGGCACCAAGCTCACGGT	CAGTACTTCGGTGCGGGCACCAGGCTCTCGGT	68	5TC6CG1CG7AG4AT4
IMGT000032_TRBJ2-6*02_Oryctolagus_cuniculus_Thorbecke_inbred___1034489___1034536___+___/content/VDJ-Insights/VDJ-Insights_tutorial_regions/TR/GCA_013371645.1_OryCun3.0_genomic__MGAM__EPHB6__CM023778.1__extracted__TRB.fasta___bowtie	S60737_TRBJ2-4*01_Oryctolagus_cuniculus	100.000	7	0	0	12	18	12	6	88	14.4	AGTATTT	AGTATTT	68	7
IMGT000032_TRBJ2-6*02_Oryctolagus_cuniculus_Thorbecke_inbred___1034489___1034536___+___/content/VDJ-Insights/VDJ-Insights_tutorial_regions/TR/GCA_013371645.1_OryCun3.0_genomic__MGAM__EPHB6__CM023778.1__extracted__TRB.fasta___bowtie	S60737_TRBJ2-3*01_Oryctolagus_cuniculus	90.000	20	2	0	11	30	13	32	0.091	24.3	CAGTATTTCGGTCCCGGCAC	CAGTATTTCGGCCCAGGCAC	60	11TC2CA5
IMGT000032_TRBJ2-6*02_Oryctolagus_cuniculus_Thorbecke_inbred___1034489___1034536___+___/content/VDJ-Insights/VDJ-Insights_tutorial_regions/TR/GCA_013371645.1_OryCun3.0_genomic__MGAM__EPHB6__CM023778.1__extracted__TRB.fasta___bowtie	S60737_TRBJ2-3*01_Oryctolagus_cuniculus	100.000	8	0	0	37	44	45	38	22	16.4	CACGGTCA	CACGGTCA	60	8
IMGT000032_TRBD1*01_Oryctolagus_cuniculus_Thorbecke_inbred___1121580___1121592___+___/content/VDJ-Insights/VDJ-Insights_tutorial_regions/TR/GCA_013371645.1_OryCun3.0_genomic__MGAM__EPHB6__CM023778.1__extracted__TRB.fasta___bowtie	IMGT000032_TRBD1*01_Oryctolagus_cuniculus_Thorbecke_inbred	100.000	12	0	0	1	12	1	12	0.010	24.3	GGGACAGGGGGC	GGGACAGGGGGC	100	12
IMGT000032_TRBD1*01_Oryctolagus_cuniculus_Thorbecke_inbred___1121580___1121592___+___/content/VDJ-Insights/VDJ-Insights_tutorial_regions/TR/GCA_013371645.1_OryCun3.0_genomic__MGAM__EPHB6__CM023778.1__extracted__TRB.fasta___bowtie	IMGT000032_TRBV26*01_Oryctolagus_cuniculus_Thorbecke_inbred	100.000	9	0	0	1	9	40	48	0.61	18.3	GGGACAGGG	GGGACAGGG	92	9
IMGT000032_TRBD1*01_Oryctolagus_cuniculus_Thorbecke_inbred___1121580___1121592___+___/content/VDJ-Insights/VDJ-Insights_tutorial_regions/TR/GCA_013371645.1_OryCun3.0_genomic__MGAM__EPHB6__CM023778.1__extracted__TRB.fasta___bowtie	IMGT000032_TRBV26*01_Oryctolagus_cuniculus_Thorbecke_inbred	100.000	7	0	0	5	11	228	222	9.6	14.4	CAGGGGG	CAGGGGG	92	7
IMGT000032_TRBD1*01_Oryctolagus_cuniculus_Thorbecke_inbred___1121580___1121592___+___/content/VDJ-Insights/VDJ-Insights_tutorial_regions/TR/GCA_013371645.1_OryCun3.0_genomic__MGAM__EPHB6__CM023778.1__extracted__TRB.fasta___bowtie	BK064757_TRAJ49*01_Oryctolagus_cuniculus_Thorbecke_inbred	100.000	8	0	0	1	8	29	36	2.4	16.4	GGGACAGG	GGGACAGG	67	8
IMGT000032_TRBD1*01_Oryctolagus_cuniculus_Thorbecke_inbred___1121580___1121592___+___/content/VDJ-Insights/VDJ-Insights_tutorial_regions/TR/GCA_013371645.1_OryCun3.0_genomic__MGAM__EPHB6__CM023778.1__extracted__TRB.fasta___bowtie	BK064757_TRAJ23*01_Oryctolagus_cuniculus_Thorbecke_inbred	100.000	8	0	0	2	9	33	40	2.4	16.4	GGACAGGG	GGACAGGG	67	8
IMGT000032_TRBD1*01_Oryctolagus_cuniculus_Thorbecke_inbred___1121580___1121592___+___/content/VDJ-Insights/VDJ-Insights_tutorial_regions/TR/GCA_013371645.1_OryCun3.0_genomic__MGAM__EPHB6__CM023778.1__extracted__TRB.fasta___bowtie	IMGT000032_TRBV7-4*01_Oryctolagus_cuniculus_Thorbecke_inbred	100.000	8	0	0	2	9	26	33	2.4	16.4	GGACAGGG	GGACAGGG	75	8
IMGT000032_TRBD1*01_Oryctolagus_cuniculus_Thorbecke_inbred___1121580___1121592___+___/content/VDJ-Insights/VDJ-Insights_tutorial_regions/TR/GCA_013371645.1_OryCun3.0_genomic__MGAM__EPHB6__CM023778.1__extracted__TRB.fasta___bowtie	IMGT000032_TRBV7-4*01_Oryctolagus_cuniculus_Thorbecke_inbred	100.000	7	0	0	1	7	45	51	9.6	14.4	GGGACAG	GGGACAG	75	7
IMGT000032_TRBJ1-1*01_Oryctolagus_cuniculus_Thorbecke_inbred___1122241___1122289___+___/content/VDJ-Insights/VDJ-Insights_tutorial_regions/TR/GCA_013371645.1_OryCun3.0_genomic__MGAM__EPHB6__CM023778.1__extracted__TRB.fasta___bowtie	IMGT000032_TRBJ1-1*01_Oryctolagus_cuniculus_Thorbecke_inbred	100.000	48	0	0	1	48	1	48	3.08e-23	95.6	TCAACACTGAACTTTTCTTTGGAGAAGGCACCAGACTCACAGTTATAG	TCAACACTGAACTTTTCTTTGGAGAAGGCACCAGACTCACAGTTATAG	100	48
IMGT000032_TRBJ1-1*01_Oryctolagus_cuniculus_Thorbecke_inbred___1122241___1122289___+___/content/VDJ-Insights/VDJ-Insights_tutorial_regions/TR/GCA_013371645.1_OryCun3.0_genomic__MGAM__EPHB6__CM023778.1__extracted__TRB.fasta___bowtie	BK064757_TRAJ43*01_Oryctolagus_cuniculus_Thorbecke_inbred	90.476	21	2	0	17	37	23	43	0.024	26.3	CTTTGGAGAAGGCACCAGACT	CTTTGGAGCAGGGACCAGACT	44	8AC3CG8
IMGT000032_TRBJ1-1*01_Oryctolagus_cuniculus_Thorbecke_inbred___1122241___1122289___+___/content/VDJ-Insights/VDJ-Insights_tutorial_regions/TR/GCA_013371645.1_OryCun3.0_genomic__MGAM__EPHB6__CM023778.1__extracted__TRB.fasta___bowtie	IMGT000032_TRBJ1-6*01_Oryctolagus_cuniculus_Thorbecke_inbred	87.500	24	3	0	17	40	17	40	0.094	24.3	CTTTGGAGAAGGCACCAGACTCAC	CTTTGGAGTCGGCACCAGGCTCAC	50	8ATAC8AG5
IMGT000032_TRBJ1-1*01_Oryctolagus_cuniculus_Thorbecke_inbred___1122241___1122289___+___/content/VDJ-Insights/VDJ-Insights_tutorial_regions/TR/GCA_013371645.1_OryCun3.0_genomic__MGAM__EPHB6__CM023778.1__extracted__TRB.fasta___bowtie	BK064757_TRAJ42*01_Oryctolagus_cuniculus_Thorbecke_inbred	93.750	16	1	0	16	31	31	46	0.094	24.3	TCTTTGGAGAAGGCAC	TCTTTGGAAAAGGCAC	33	8GA7
IMGT000032_TRBJ1-1*01_Oryctolagus_cuniculus_Thorbecke_inbred___1122241___1122289___+___/content/VDJ-Insights/VDJ-Insights_tutorial_regions/TR/GCA_013371645.1_OryCun3.0_genomic__MGAM__EPHB6__CM023778.1__extracted__TRB.fasta___bowtie	S60737_TRBJ2-6*01_Oryctolagus_cuniculus	92.857	14	1	0	27	40	26	39	1.5	20.3	GGCACCAGACTCAC	GGCACCAAACTCAC	29	7GA6
IMGT000032_TRBJ1-5*01_Oryctolagus_cuniculus_Thorbecke_inbred___1123719___1123762___+___/content/VDJ-Insights/VDJ-Insights_tutorial_regions/TR/GCA_013371645.1_OryCun3.0_genomic__MGAM__EPHB6__CM023778.1__extracted__TRB.fasta___bowtie	IMGT000032_TRBJ1-5*01_Oryctolagus_cuniculus_Thorbecke_inbred	100.000	43	0	0	1	43	1	43	2.58e-20	85.7	CAGCAGCAGCATTTTGGCAGCGGGACCCGACTCTCTGTCCTAG	CAGCAGCAGCATTTTGGCAGCGGGACCCGACTCTCTGTCCTAG	100	43
IMGT000032_TRBJ1-5*01_Oryctolagus_cuniculus_Thorbecke_inbred___1123719___1123762___+___/content/VDJ-Insights/VDJ-Insights_tutorial_regions/TR/GCA_013371645.1_OryCun3.0_genomic__MGAM__EPHB6__CM023778.1__extracted__TRB.fasta___bowtie	BK064757_TRAV45-7*01_Oryctolagus_cuniculus_Thorbecke_inbred	100.000	13	0	0	29	41	181	169	0.021	26.3	GACTCTCTGTCCT	GACTCTCTGTCCT	30	13
IMGT000032_TRBJ1-5*01_Oryctolagus_cuniculus_Thorbecke_inbred___1123719___1123762___+___/content/VDJ-Insights/VDJ-Insights_tutorial_regions/TR/GCA_013371645.1_OryCun3.0_genomic__MGAM__EPHB6__CM023778.1__extracted__TRB.fasta___bowtie	BK064757_TRAJ35*01_Oryctolagus_cuniculus_Thorbecke_inbred	100.000	9	0	0	9	17	26	34	5.0	18.3	GCATTTTGG	GCATTTTGG	21	9
IMGT000032_TRBJ1-5*01_Oryctolagus_cuniculus_Thorbecke_inbred___1123719___1123762___+___/content/VDJ-Insights/VDJ-Insights_tutorial_regions/TR/GCA_013371645.1_OryCun3.0_genomic__MGAM__EPHB6__CM023778.1__extracted__TRB.fasta___bowtie	BK064757_TRAJ24*01_Oryctolagus_cuniculus_Thorbecke_inbred	100.000	9	0	0	9	17	26	34	5.0	18.3	GCATTTTGG	GCATTTTGG	37	9
IMGT000032_TRBJ1-5*01_Oryctolagus_cuniculus_Thorbecke_inbred___1123719___1123762___+___/content/VDJ-Insights/VDJ-Insights_tutorial_regions/TR/GCA_013371645.1_OryCun3.0_genomic__MGAM__EPHB6__CM023778.1__extracted__TRB.fasta___bowtie	BK064757_TRAJ24*01_Oryctolagus_cuniculus_Thorbecke_inbred	100.000	7	0	0	9	15	27	21	78	14.4	GCATTTT	GCATTTT	37	7
IMGT000032_TRBJ1-5*01_Oryctolagus_cuniculus_Thorbecke_inbred___1123719___1123762___+___/content/VDJ-Insights/VDJ-Insights_tutorial_regions/TR/GCA_013371645.1_OryCun3.0_genomic__MGAM__EPHB6__CM023778.1__extracted__TRB.fasta___bowtie	BK064757_TRAJ24*01_Oryctolagus_cuniculus_Thorbecke_inbred	100.000	7	0	0	22	28	39	45	78	14.4	GGGACCC	GGGACCC	37	7
IMGT000032_TRBJ1-5*01_Oryctolagus_cuniculus_Thorbecke_inbred___1123719___1123762___+___/content/VDJ-Insights/VDJ-Insights_tutorial_regions/TR/GCA_013371645.1_OryCun3.0_genomic__MGAM__EPHB6__CM023778.1__extracted__TRB.fasta___bowtie	IMGT000032_TRBV7-9*01_Oryctolagus_cuniculus_Thorbecke_inbred	100.000	9	0	0	4	12	279	287	5.0	18.3	CAGCAGCAT	CAGCAGCAT	47	9
IMGT000032_TRBJ1-5*01_Oryctolagus_cuniculus_Thorbecke_inbred___1123719___1123762___+___/content/VDJ-Insights/VDJ-Insights_tutorial_regions/TR/GCA_013371645.1_OryCun3.0_genomic__MGAM__EPHB6__CM023778.1__extracted__TRB.fasta___bowtie	IMGT000032_TRBV7-9*01_Oryctolagus_cuniculus_Thorbecke_inbred	100.000	8	0	0	1	8	279	286	20	16.4	CAGCAGCA	CAGCAGCA	47	8
IMGT000032_TRBJ1-5*01_Oryctolagus_cuniculus_Thorbecke_inbred___1123719___1123762___+___/content/VDJ-Insights/VDJ-Insights_tutorial_regions/TR/GCA_013371645.1_OryCun3.0_genomic__MGAM__EPHB6__CM023778.1__extracted__TRB.fasta___bowtie	IMGT000032_TRBV7-9*01_Oryctolagus_cuniculus_Thorbecke_inbred	100.000	7	0	0	34	40	52	46	78	14.4	TCTGTCC	TCTGTCC	47	7
IMGT000032_TRBJ1-5*01_Oryctolagus_cuniculus_Thorbecke_inbred___1123719___1123762___+___/content/VDJ-Insights/VDJ-Insights_tutorial_regions/TR/GCA_013371645.1_OryCun3.0_genomic__MGAM__EPHB6__CM023778.1__extracted__TRB.fasta___bowtie	IMGT000032_TRBV7-9*01_Oryctolagus_cuniculus_Thorbecke_inbred	100.000	7	0	0	33	39	113	107	78	14.4	CTCTGTC	CTCTGTC	47	7
IMGT000032_TRBJ1-6*01_Oryctolagus_cuniculus_Thorbecke_inbred___1124193___1124241___+___/content/VDJ-Insights/VDJ-Insights_tutorial_regions/TR/GCA_013371645.1_OryCun3.0_genomic__MGAM__EPHB6__CM023778.1__extracted__TRB.fasta___bowtie	IMGT000032_TRBJ1-6*01_Oryctolagus_cuniculus_Thorbecke_inbred	100.000	48	0	0	1	48	1	48	3.08e-23	95.6	CTAATTCACCACTCCACTTTGGAGTCGGCACCAGGCTCACCGTGACAG	CTAATTCACCACTCCACTTTGGAGTCGGCACCAGGCTCACCGTGACAG	100	48
IMGT000032_TRBJ1-6*01_Oryctolagus_cuniculus_Thorbecke_inbred___1124193___1124241___+___/content/VDJ-Insights/VDJ-Insights_tutorial_regions/TR/GCA_013371645.1_OryCun3.0_genomic__MGAM__EPHB6__CM023778.1__extracted__TRB.fasta___bowtie	S60737_TRBJ2-4*01_Oryctolagus_cuniculus	100.000	12	0	0	27	38	28	39	0.094	24.3	GGCACCAGGCTC	GGCACCAGGCTC	25	12
IMGT000032_TRBJ1-6*01_Oryctolagus_cuniculus_Thorbecke_inbred___1124193___1124241___+___/content/VDJ-Insights/VDJ-Insights_tutorial_regions/TR/GCA_013371645.1_OryCun3.0_genomic__MGAM__EPHB6__CM023778.1__extracted__TRB.fasta___bowtie	IMGT000032_TRBJ1-1*01_Oryctolagus_cuniculus_Thorbecke_inbred	87.500	24	3	0	17	40	17	40	0.094	24.3	CTTTGGAGTCGGCACCAGGCTCAC	CTTTGGAGAAGGCACCAGACTCAC	50	8TACA8GA5
IMGT000032_TRBJ1-6*01_Oryctolagus_cuniculus_Thorbecke_inbred___1124193___1124241___+___/content/VDJ-Insights/VDJ-Insights_tutorial_regions/TR/GCA_013371645.1_OryCun3.0_genomic__MGAM__EPHB6__CM023778.1__extracted__TRB.fasta___bowtie	IMGT000030_TRGV2*01_Oryctolagus_cuniculus_Thorbecke_inbred	100.000	12	0	0	12	23	15	4	0.094	24.3	CTCCACTTTGGA	CTCCACTTTGGA	44	12
IMGT000032_TRBJ1-6*01_Oryctolagus_cuniculus_Thorbecke_inbred___1124193___1124241___+___/content/VDJ-Insights/VDJ-Insights_tutorial_regions/TR/GCA_013371645.1_OryCun3.0_genomic__MGAM__EPHB6__CM023778.1__extracted__TRB.fasta___bowtie	IMGT000030_TRGV2*01_Oryctolagus_cuniculus_Thorbecke_inbred	100.000	8	0	0	17	24	134	141	23	16.4	CTTTGGAG	CTTTGGAG	44	8
IMGT000032_TRBJ1-6*01_Oryctolagus_cuniculus_Thorbecke_inbred___1124193___1124241___+___/content/VDJ-Insights/VDJ-Insights_tutorial_regions/TR/GCA_013371645.1_OryCun3.0_genomic__MGAM__EPHB6__CM023778.1__extracted__TRB.fasta___bowtie	IMGT000030_TRGV2*01_Oryctolagus_cuniculus_Thorbecke_inbred	100.000	8	0	0	1	8	145	152	23	16.4	CTAATTCA	CTAATTCA	44	8
IMGT000032_TRBJ1-6*01_Oryctolagus_cuniculus_Thorbecke_inbred___1124193___1124241___+___/content/VDJ-Insights/VDJ-Insights_tutorial_regions/TR/GCA_013371645.1_OryCun3.0_genomic__MGAM__EPHB6__CM023778.1__extracted__TRB.fasta___bowtie	IMGT000030_TRGV2*01_Oryctolagus_cuniculus_Thorbecke_inbred	100.000	7	0	0	13	19	235	241	90	14.4	TCCACTT	TCCACTT	44	7
IMGT000032_TRBJ1-6*01_Oryctolagus_cuniculus_Thorbecke_inbred___1124193___1124241___+___/content/VDJ-Insights/VDJ-Insights_tutorial_regions/TR/GCA_013371645.1_OryCun3.0_genomic__MGAM__EPHB6__CM023778.1__extracted__TRB.fasta___bowtie	IMGT000032_TRBJ2-6*02_Oryctolagus_cuniculus_Thorbecke_inbred	93.333	15	1	0	26	40	25	39	0.37	22.3	CGGCACCAGGCTCAC	CGGCACCAAGCTCAC	42	8GA6
IMGT000032_TRBJ1-6*01_Oryctolagus_cuniculus_Thorbecke_inbred___1124193___1124241___+___/content/VDJ-Insights/VDJ-Insights_tutorial_regions/TR/GCA_013371645.1_OryCun3.0_genomic__MGAM__EPHB6__CM023778.1__extracted__TRB.fasta___bowtie	IMGT000032_TRBJ2-6*02_Oryctolagus_cuniculus_Thorbecke_inbred	100.000	7	0	0	39	45	42	36	90	14.4	ACCGTGA	ACCGTGA	42	7
IMGT000032_TRBD1*01_Oryctolagus_cuniculus_Thorbecke_inbred___1030172___1030184___+___/content/VDJ-Insights/VDJ-Insights_tutorial_regions/TR/GCA_013371645.1_OryCun3.0_genomic__SALL2__DAD1__CM023788.1__extracted__TRA.fasta___bowtie2	BK064757_TRAV29*01_Oryctolagus_cuniculus_Thorbecke_inbred	100.000	9	0	0	4	12	130	122	0.61	18.3	ACATGGGGC	ACATGGGGC	75	9
IMGT000032_TRBD1*01_Oryctolagus_cuniculus_Thorbecke_inbred___1030172___1030184___+___/content/VDJ-Insights/VDJ-Insights_tutorial_regions/TR/GCA_013371645.1_OryCun3.0_genomic__SALL2__DAD1__CM023788.1__extracted__TRA.fasta___bowtie2	IMGT000032_TRBV28*01_Oryctolagus_cuniculus_Thorbecke_inbred	100.000	8	0	0	2	9	75	82	2.4	16.4	GGACATGG	GGACATGG	67	8
IMGT000032_TRBD1*01_Oryctolagus_cuniculus_Thorbecke_inbred___1030172___1030184___+___/content/VDJ-Insights/VDJ-Insights_tutorial_regions/TR/GCA_013371645.1_OryCun3.0_genomic__SALL2__DAD1__CM023788.1__extracted__TRA.fasta___bowtie2	IMGT000032_TRBV16*01_Oryctolagus_cuniculus_Thorbecke_inbred	100.000	8	0	0	4	11	214	207	2.4	16.4	ACATGGGG	ACATGGGG	67	8
IMGT000032_TRBD1*01_Oryctolagus_cuniculus_Thorbecke_inbred___1030172___1030184___+___/content/VDJ-Insights/VDJ-Insights_tutorial_regions/TR/GCA_013371645.1_OryCun3.0_genomic__SALL2__DAD1__CM023788.1__extracted__TRA.fasta___bowtie2	M14576_TRBV4*02_Oryctolagus_cuniculus	100.000	7	0	0	1	7	81	87	9.6	14.4	GGGACAT	GGGACAT	58	7
IMGT000032_TRBD1*01_Oryctolagus_cuniculus_Thorbecke_inbred___1030172___1030184___+___/content/VDJ-Insights/VDJ-Insights_tutorial_regions/TR/GCA_013371645.1_OryCun3.0_genomic__SALL2__DAD1__CM023788.1__extracted__TRA.fasta___bowtie2	IMGT000032_TRBV4*01_Oryctolagus_cuniculus_Thorbecke_inbred	100.000	7	0	0	1	7	81	87	9.6	14.4	GGGACAT	GGGACAT	58	7
