IMGT000030_TRGJ2*01_Oryctolagus_cuniculus_Thorbecke_inbred___69403___69453___-___/content/VDJ-Insights/VDJ-Insights_tutorial_regions/TR/GCF_964237555.1_mOryCun1.1_genomic__AMPH__STARD3NL__NC_091447.1__extracted__TRG.fasta___bowtie	IMGT000030_TRGJ2*01_Oryctolagus_cuniculus_Thorbecke_inbred	100.000	50	0	0	1	50	50	1	2.08e-24	99.6	CTATGACAACAAGTTTTGTTCCAGCACCGAAGACTTTCTCATAATAGTTC	CTATGACAACAAGTTTTGTTCCAGCACCGAAGACTTTCTCATAATAGTTC	100	50
IMGT000030_TRGJ2*01_Oryctolagus_cuniculus_Thorbecke_inbred___69403___69453___-___/content/VDJ-Insights/VDJ-Insights_tutorial_regions/TR/GCF_964237555.1_mOryCun1.1_genomic__AMPH__STARD3NL__NC_091447.1__extracted__TRG.fasta___bowtie	IMGT000032_TRBV6-4*01_Oryctolagus_cuniculus_Thorbecke_inbred	100.000	11	0	0	1	11	84	94	0.39	22.3	CTATGACAACA	CTATGACAACA	54	11
IMGT000030_TRGJ2*01_Oryctolagus_cuniculus_Thorbecke_inbred___69403___69453___-___/content/VDJ-Insights/VDJ-Insights_tutorial_regions/TR/GCF_964237555.1_mOryCun1.1_genomic__AMPH__STARD3NL__NC_091447.1__extracted__TRG.fasta___bowtie	IMGT000032_TRBV6-4*01_Oryctolagus_cuniculus_Thorbecke_inbred	100.000	9	0	0	34	42	172	164	6.1	18.3	CTTTCTCAT	CTTTCTCAT	54	9
IMGT000030_TRGJ2*01_Oryctolagus_cuniculus_Thorbecke_inbred___69403___69453___-___/content/VDJ-Insights/VDJ-Insights_tutorial_regions/TR/GCF_964237555.1_mOryCun1.1_genomic__AMPH__STARD3NL__NC_091447.1__extracted__TRG.fasta___bowtie	IMGT000032_TRBV6-4*01_Oryctolagus_cuniculus_Thorbecke_inbred	100.000	7	0	0	44	50	87	81	95	14.4	ATAGTTC	ATAGTTC	54	7
IMGT000030_TRGJ2*01_Oryctolagus_cuniculus_Thorbecke_inbred___69403___69453___-___/content/VDJ-Insights/VDJ-Insights_tutorial_regions/TR/GCF_964237555.1_mOryCun1.1_genomic__AMPH__STARD3NL__NC_091447.1__extracted__TRG.fasta___bowtie	IMGT000032_TRBV6-10*01_Oryctolagus_cuniculus_Thorbecke_inbred	100.000	11	0	0	1	11	84	94	0.39	22.3	CTATGACAACA	CTATGACAACA	56	11
IMGT000030_TRGJ2*01_Oryctolagus_cuniculus_Thorbecke_inbred___69403___69453___-___/content/VDJ-Insights/VDJ-Insights_tutorial_regions/TR/GCF_964237555.1_mOryCun1.1_genomic__AMPH__STARD3NL__NC_091447.1__extracted__TRG.fasta___bowtie	IMGT000032_TRBV6-10*01_Oryctolagus_cuniculus_Thorbecke_inbred	100.000	7	0	0	21	27	8	2	95	14.4	CCAGCAC	CCAGCAC	56	7
IMGT000030_TRGJ2*01_Oryctolagus_cuniculus_Thorbecke_inbred___69403___69453___-___/content/VDJ-Insights/VDJ-Insights_tutorial_regions/TR/GCF_964237555.1_mOryCun1.1_genomic__AMPH__STARD3NL__NC_091447.1__extracted__TRG.fasta___bowtie	IMGT000032_TRBV6-10*01_Oryctolagus_cuniculus_Thorbecke_inbred	100.000	7	0	0	44	50	87	81	95	14.4	ATAGTTC	ATAGTTC	56	7
IMGT000030_TRGJ2*01_Oryctolagus_cuniculus_Thorbecke_inbred___69403___69453___-___/content/VDJ-Insights/VDJ-Insights_tutorial_regions/TR/GCF_964237555.1_mOryCun1.1_genomic__AMPH__STARD3NL__NC_091447.1__extracted__TRG.fasta___bowtie	IMGT000032_TRBV6-10*01_Oryctolagus_cuniculus_Thorbecke_inbred	100.000	7	0	0	18	24	27	33	95	14.4	GTTCCAG	GTTCCAG	56	7
IMGT000030_TRGJ2*01_Oryctolagus_cuniculus_Thorbecke_inbred___69403___69453___-___/content/VDJ-Insights/VDJ-Insights_tutorial_regions/TR/GCF_964237555.1_mOryCun1.1_genomic__AMPH__STARD3NL__NC_091447.1__extracted__TRG.fasta___bowtie	BK064757_TRAJ36*01_Oryctolagus_cuniculus_Thorbecke_inbred	100.000	10	0	0	15	24	44	35	1.5	20.3	TTTGTTCCAG	TTTGTTCCAG	20	10
IMGT000030_TRGJ2*01_Oryctolagus_cuniculus_Thorbecke_inbred___69403___69453___-___/content/VDJ-Insights/VDJ-Insights_tutorial_regions/TR/GCF_964237555.1_mOryCun1.1_genomic__AMPH__STARD3NL__NC_091447.1__extracted__TRG.fasta___bowtie	BK064757_TRAJ13*01_Oryctolagus_cuniculus_Thorbecke_inbred	100.000	10	0	0	15	24	46	37	1.5	20.3	TTTGTTCCAG	TTTGTTCCAG	20	10
IMGT000032_TRBD1*01_Oryctolagus_cuniculus_Thorbecke_inbred___94146___94158___-___/content/VDJ-Insights/VDJ-Insights_tutorial_regions/TR/GCF_964237555.1_mOryCun1.1_genomic__AMPH__STARD3NL__NC_091447.1__extracted__TRG.fasta___bowtie	S60737_TRBD2*01_Oryctolagus_cuniculus	100.000	11	0	0	2	12	11	1	0.039	22.3	CCCCCAGTCCC	CCCCCAGTCCC	92	11
IMGT000032_TRBD1*01_Oryctolagus_cuniculus_Thorbecke_inbred___94146___94158___-___/content/VDJ-Insights/VDJ-Insights_tutorial_regions/TR/GCF_964237555.1_mOryCun1.1_genomic__AMPH__STARD3NL__NC_091447.1__extracted__TRG.fasta___bowtie	BK064757_TRAJ38*01_Oryctolagus_cuniculus_Thorbecke_inbred	100.000	10	0	0	3	12	40	31	0.16	20.3	CCCCAGTCCC	CCCCAGTCCC	83	10
IMGT000032_TRBD1*01_Oryctolagus_cuniculus_Thorbecke_inbred___94146___94158___-___/content/VDJ-Insights/VDJ-Insights_tutorial_regions/TR/GCF_964237555.1_mOryCun1.1_genomic__AMPH__STARD3NL__NC_091447.1__extracted__TRG.fasta___bowtie	BK064757_TRAJ34*01_Oryctolagus_cuniculus_Thorbecke_inbred	100.000	9	0	0	4	12	36	28	0.61	18.3	CCCAGTCCC	CCCAGTCCC	75	9
IMGT000032_TRBD1*01_Oryctolagus_cuniculus_Thorbecke_inbred___94146___94158___-___/content/VDJ-Insights/VDJ-Insights_tutorial_regions/TR/GCF_964237555.1_mOryCun1.1_genomic__AMPH__STARD3NL__NC_091447.1__extracted__TRG.fasta___bowtie	IMGT000032_TRBV7-8*01_Oryctolagus_cuniculus_Thorbecke_inbred	100.000	9	0	0	4	12	14	22	0.61	18.3	CCCAGTCCC	CCCAGTCCC	92	9
IMGT000032_TRBD1*01_Oryctolagus_cuniculus_Thorbecke_inbred___94146___94158___-___/content/VDJ-Insights/VDJ-Insights_tutorial_regions/TR/GCF_964237555.1_mOryCun1.1_genomic__AMPH__STARD3NL__NC_091447.1__extracted__TRG.fasta___bowtie	IMGT000032_TRBV7-8*01_Oryctolagus_cuniculus_Thorbecke_inbred	100.000	7	0	0	2	8	20	26	9.6	14.4	CCCCCAG	CCCCCAG	92	7
IMGT000032_TRBD1*01_Oryctolagus_cuniculus_Thorbecke_inbred___94146___94158___-___/content/VDJ-Insights/VDJ-Insights_tutorial_regions/TR/GCF_964237555.1_mOryCun1.1_genomic__AMPH__STARD3NL__NC_091447.1__extracted__TRG.fasta___bowtie	IMGT000032_TRBV7-8*01_Oryctolagus_cuniculus_Thorbecke_inbred	100.000	7	0	0	2	8	215	209	9.6	14.4	CCCCCAG	CCCCCAG	92	7
IMGT000032_TRBD1*01_Oryctolagus_cuniculus_Thorbecke_inbred___94146___94158___-___/content/VDJ-Insights/VDJ-Insights_tutorial_regions/TR/GCF_964237555.1_mOryCun1.1_genomic__AMPH__STARD3NL__NC_091447.1__extracted__TRG.fasta___bowtie	IMGT000032_TRBV7-7*01_Oryctolagus_cuniculus_Thorbecke_inbred	100.000	9	0	0	4	12	14	22	0.61	18.3	CCCAGTCCC	CCCAGTCCC	92	9
IMGT000032_TRBD1*01_Oryctolagus_cuniculus_Thorbecke_inbred___94146___94158___-___/content/VDJ-Insights/VDJ-Insights_tutorial_regions/TR/GCF_964237555.1_mOryCun1.1_genomic__AMPH__STARD3NL__NC_091447.1__extracted__TRG.fasta___bowtie	IMGT000032_TRBV7-7*01_Oryctolagus_cuniculus_Thorbecke_inbred	100.000	7	0	0	2	8	20	26	9.6	14.4	CCCCCAG	CCCCCAG	92	7
IMGT000032_TRBD1*01_Oryctolagus_cuniculus_Thorbecke_inbred___94146___94158___-___/content/VDJ-Insights/VDJ-Insights_tutorial_regions/TR/GCF_964237555.1_mOryCun1.1_genomic__AMPH__STARD3NL__NC_091447.1__extracted__TRG.fasta___bowtie	IMGT000032_TRBV7-7*01_Oryctolagus_cuniculus_Thorbecke_inbred	100.000	7	0	0	2	8	215	209	9.6	14.4	CCCCCAG	CCCCCAG	92	7
BK064757_TRDD1*01_Oryctolagus_cuniculus_Thorbecke_inbred___120487___120498___-___/content/VDJ-Insights/VDJ-Insights_tutorial_regions/TR/GCF_964237555.1_mOryCun1.1_genomic__AMPH__STARD3NL__NC_091447.1__extracted__TRG.fasta___bowtie	BK064757_TRAJ28*01_Oryctolagus_cuniculus_Thorbecke_inbred	100.000	8	0	0	2	9	19	12	1.8	16.4	TACCCGCA	TACCCGCA	73	8
BK064757_TRDD1*01_Oryctolagus_cuniculus_Thorbecke_inbred___120487___120498___-___/content/VDJ-Insights/VDJ-Insights_tutorial_regions/TR/GCF_964237555.1_mOryCun1.1_genomic__AMPH__STARD3NL__NC_091447.1__extracted__TRG.fasta___bowtie	BK064757_TRAV21*01_Oryctolagus_cuniculus_Thorbecke_inbred	100.000	7	0	0	5	11	70	64	7.2	14.4	CCGCAGT	CCGCAGT	64	7
BK064757_TRDD1*01_Oryctolagus_cuniculus_Thorbecke_inbred___120487___120498___-___/content/VDJ-Insights/VDJ-Insights_tutorial_regions/TR/GCF_964237555.1_mOryCun1.1_genomic__AMPH__STARD3NL__NC_091447.1__extracted__TRG.fasta___bowtie	BK064757_TRAV20*01_Oryctolagus_cuniculus_Thorbecke_inbred	100.000	7	0	0	5	11	48	54	7.2	14.4	CCGCAGT	CCGCAGT	64	7
S60737_TRBD2*01_Oryctolagus_cuniculus___147778___147793___-___/content/VDJ-Insights/VDJ-Insights_tutorial_regions/TR/GCF_964237555.1_mOryCun1.1_genomic__AMPH__STARD3NL__NC_091447.1__extracted__TRG.fasta___bowtie	S60737_TRBD2*01_Oryctolagus_cuniculus	92.308	13	1	0	3	15	13	1	0.92	18.3	CCCCCCCATTCCC	CCCCCCCAGTCCC	87	8TG4
S60737_TRBD2*01_Oryctolagus_cuniculus___147778___147793___-___/content/VDJ-Insights/VDJ-Insights_tutorial_regions/TR/GCF_964237555.1_mOryCun1.1_genomic__AMPH__STARD3NL__NC_091447.1__extracted__TRG.fasta___bowtie	S60737_TRBD2*01_Oryctolagus_cuniculus	100.000	7	0	0	3	9	14	8	14	14.4	CCCCCCC	CCCCCCC	87	7
S60737_TRBD2*01_Oryctolagus_cuniculus___147778___147793___-___/content/VDJ-Insights/VDJ-Insights_tutorial_regions/TR/GCF_964237555.1_mOryCun1.1_genomic__AMPH__STARD3NL__NC_091447.1__extracted__TRG.fasta___bowtie	S60737_TRBD2*01_Oryctolagus_cuniculus	100.000	7	0	0	3	9	15	9	14	14.4	CCCCCCC	CCCCCCC	87	7
S60737_TRBD2*01_Oryctolagus_cuniculus___147778___147793___-___/content/VDJ-Insights/VDJ-Insights_tutorial_regions/TR/GCF_964237555.1_mOryCun1.1_genomic__AMPH__STARD3NL__NC_091447.1__extracted__TRG.fasta___bowtie	BK064757_TRAJ29*01_Oryctolagus_cuniculus_Thorbecke_inbred	100.000	8	0	0	7	14	37	30	3.6	16.4	CCCATTCC	CCCATTCC	53	8
S60737_TRBD2*01_Oryctolagus_cuniculus___147778___147793___-___/content/VDJ-Insights/VDJ-Insights_tutorial_regions/TR/GCF_964237555.1_mOryCun1.1_genomic__AMPH__STARD3NL__NC_091447.1__extracted__TRG.fasta___bowtie	IMGT000032_TRBV13*01_Oryctolagus_cuniculus_Thorbecke_inbred	100.000	8	0	0	5	12	126	133	3.6	16.4	CCCCCATT	CCCCCATT	53	8
S60737_TRBD2*01_Oryctolagus_cuniculus___147778___147793___-___/content/VDJ-Insights/VDJ-Insights_tutorial_regions/TR/GCF_964237555.1_mOryCun1.1_genomic__AMPH__STARD3NL__NC_091447.1__extracted__TRG.fasta___bowtie	BK064757_TRAV8-2*01_Oryctolagus_cuniculus_Thorbecke_inbred	100.000	8	0	0	4	11	87	80	3.6	16.4	CCCCCCAT	CCCCCCAT	93	8
S60737_TRBD2*01_Oryctolagus_cuniculus___147778___147793___-___/content/VDJ-Insights/VDJ-Insights_tutorial_regions/TR/GCF_964237555.1_mOryCun1.1_genomic__AMPH__STARD3NL__NC_091447.1__extracted__TRG.fasta___bowtie	BK064757_TRAV8-2*01_Oryctolagus_cuniculus_Thorbecke_inbred	100.000	7	0	0	2	8	88	82	14	14.4	ACCCCCC	ACCCCCC	93	7
S60737_TRBD2*01_Oryctolagus_cuniculus___147778___147793___-___/content/VDJ-Insights/VDJ-Insights_tutorial_regions/TR/GCF_964237555.1_mOryCun1.1_genomic__AMPH__STARD3NL__NC_091447.1__extracted__TRG.fasta___bowtie	BK064757_TRAV8-2*01_Oryctolagus_cuniculus_Thorbecke_inbred	100.000	7	0	0	9	15	163	157	14	14.4	CATTCCC	CATTCCC	93	7
S60737_TRBD2*01_Oryctolagus_cuniculus___147778___147793___-___/content/VDJ-Insights/VDJ-Insights_tutorial_regions/TR/GCF_964237555.1_mOryCun1.1_genomic__AMPH__STARD3NL__NC_091447.1__extracted__TRG.fasta___bowtie	BK064757_TRDV4*01_Oryctolagus_cuniculus_Thorbecke_inbred	100.000	7	0	0	6	12	191	185	14	14.4	CCCCATT	CCCCATT	47	7
S60737_TRBJ2-6*01_Oryctolagus_cuniculus___82188___82235___-___/content/VDJ-Insights/VDJ-Insights_tutorial_regions/TR/GCF_964237555.1_mOryCun1.1_genomic__MGAM__EPHB6__NC_091434.1__extracted__TRB.fasta___bowtie	IMGT000032_TRBJ2-6*02_Oryctolagus_cuniculus_Thorbecke_inbred	100.000	47	0	0	1	47	47	1	1.19e-22	93.7	CTGTGACCGTGAGCTTGGTGCCGGGACCGAAATACTGCTCATAGGAG	CTGTGACCGTGAGCTTGGTGCCGGGACCGAAATACTGCTCATAGGAG	100	47
S60737_TRBJ2-6*01_Oryctolagus_cuniculus___82188___82235___-___/content/VDJ-Insights/VDJ-Insights_tutorial_regions/TR/GCF_964237555.1_mOryCun1.1_genomic__MGAM__EPHB6__NC_091434.1__extracted__TRB.fasta___bowtie	S60737_TRBJ2-6*01_Oryctolagus_cuniculus	97.872	47	1	0	1	47	47	1	2.89e-20	85.7	CTGTGACCGTGAGCTTGGTGCCGGGACCGAAATACTGCTCATAGGAG	CTGTGACCGTGAGTTTGGTGCCGGGACCGAAATACTGCTCATAGGAG	100	13CT33
S60737_TRBJ2-6*01_Oryctolagus_cuniculus___82188___82235___-___/content/VDJ-Insights/VDJ-Insights_tutorial_regions/TR/GCF_964237555.1_mOryCun1.1_genomic__MGAM__EPHB6__NC_091434.1__extracted__TRB.fasta___bowtie	BK064757_TRAJ28*01_Oryctolagus_cuniculus_Thorbecke_inbred	90.476	21	2	0	2	22	60	40	0.023	26.3	TGTGACCGTGAGCTTGGTGCC	TGTGACCGAGAGTTTGGTGCC	45	8TA3CT8
S60737_TRBJ2-6*01_Oryctolagus_cuniculus___82188___82235___-___/content/VDJ-Insights/VDJ-Insights_tutorial_regions/TR/GCF_964237555.1_mOryCun1.1_genomic__MGAM__EPHB6__NC_091434.1__extracted__TRB.fasta___bowtie	BK064757_TRAJ28*01_Oryctolagus_cuniculus_Thorbecke_inbred	100.000	7	0	0	9	15	29	23	88	14.4	GTGAGCT	GTGAGCT	45	7
S60737_TRBJ2-6*01_Oryctolagus_cuniculus___82188___82235___-___/content/VDJ-Insights/VDJ-Insights_tutorial_regions/TR/GCF_964237555.1_mOryCun1.1_genomic__MGAM__EPHB6__NC_091434.1__extracted__TRB.fasta___bowtie	S60737_TRBJ2-4*01_Oryctolagus_cuniculus	84.375	32	5	0	6	37	44	13	0.091	24.3	ACCGTGAGCTTGGTGCCGGGACCGAAATACTG	ACCGAGAGCCTGGTGCCCGCACCGAAGTACTG	68	4TA4TC7GC1GC6AG5
S60737_TRBJ2-6*01_Oryctolagus_cuniculus___82188___82235___-___/content/VDJ-Insights/VDJ-Insights_tutorial_regions/TR/GCF_964237555.1_mOryCun1.1_genomic__MGAM__EPHB6__NC_091434.1__extracted__TRB.fasta___bowtie	S60737_TRBJ2-4*01_Oryctolagus_cuniculus	100.000	7	0	0	30	36	6	12	88	14.4	AAATACT	AAATACT	68	7
S60737_TRBJ2-6*01_Oryctolagus_cuniculus___82188___82235___-___/content/VDJ-Insights/VDJ-Insights_tutorial_regions/TR/GCF_964237555.1_mOryCun1.1_genomic__MGAM__EPHB6__NC_091434.1__extracted__TRB.fasta___bowtie	S60737_TRBJ2-3*01_Oryctolagus_cuniculus	90.000	20	2	0	18	37	32	13	0.091	24.3	GTGCCGGGACCGAAATACTG	GTGCCTGGGCCGAAATACTG	60	5GT2AG11
S60737_TRBJ2-6*01_Oryctolagus_cuniculus___82188___82235___-___/content/VDJ-Insights/VDJ-Insights_tutorial_regions/TR/GCF_964237555.1_mOryCun1.1_genomic__MGAM__EPHB6__NC_091434.1__extracted__TRB.fasta___bowtie	S60737_TRBJ2-3*01_Oryctolagus_cuniculus	100.000	8	0	0	4	11	38	45	22	16.4	TGACCGTG	TGACCGTG	60	8
IMGT000032_TRBJ2-6*02_Oryctolagus_cuniculus_Thorbecke_inbred___82188___82235___-___/content/VDJ-Insights/VDJ-Insights_tutorial_regions/TR/GCF_964237555.1_mOryCun1.1_genomic__MGAM__EPHB6__NC_091434.1__extracted__TRB.fasta___bowtie	IMGT000032_TRBJ2-6*02_Oryctolagus_cuniculus_Thorbecke_inbred	100.000	47	0	0	1	47	47	1	1.19e-22	93.7	CTGTGACCGTGAGCTTGGTGCCGGGACCGAAATACTGCTCATAGGAG	CTGTGACCGTGAGCTTGGTGCCGGGACCGAAATACTGCTCATAGGAG	100	47
IMGT000032_TRBJ2-6*02_Oryctolagus_cuniculus_Thorbecke_inbred___82188___82235___-___/content/VDJ-Insights/VDJ-Insights_tutorial_regions/TR/GCF_964237555.1_mOryCun1.1_genomic__MGAM__EPHB6__NC_091434.1__extracted__TRB.fasta___bowtie	S60737_TRBJ2-6*01_Oryctolagus_cuniculus	97.872	47	1	0	1	47	47	1	2.89e-20	85.7	CTGTGACCGTGAGCTTGGTGCCGGGACCGAAATACTGCTCATAGGAG	CTGTGACCGTGAGTTTGGTGCCGGGACCGAAATACTGCTCATAGGAG	100	13CT33
IMGT000032_TRBJ2-6*02_Oryctolagus_cuniculus_Thorbecke_inbred___82188___82235___-___/content/VDJ-Insights/VDJ-Insights_tutorial_regions/TR/GCF_964237555.1_mOryCun1.1_genomic__MGAM__EPHB6__NC_091434.1__extracted__TRB.fasta___bowtie	BK064757_TRAJ28*01_Oryctolagus_cuniculus_Thorbecke_inbred	90.476	21	2	0	2	22	60	40	0.023	26.3	TGTGACCGTGAGCTTGGTGCC	TGTGACCGAGAGTTTGGTGCC	45	8TA3CT8
IMGT000032_TRBJ2-6*02_Oryctolagus_cuniculus_Thorbecke_inbred___82188___82235___-___/content/VDJ-Insights/VDJ-Insights_tutorial_regions/TR/GCF_964237555.1_mOryCun1.1_genomic__MGAM__EPHB6__NC_091434.1__extracted__TRB.fasta___bowtie	BK064757_TRAJ28*01_Oryctolagus_cuniculus_Thorbecke_inbred	100.000	7	0	0	9	15	29	23	88	14.4	GTGAGCT	GTGAGCT	45	7
IMGT000032_TRBJ2-6*02_Oryctolagus_cuniculus_Thorbecke_inbred___82188___82235___-___/content/VDJ-Insights/VDJ-Insights_tutorial_regions/TR/GCF_964237555.1_mOryCun1.1_genomic__MGAM__EPHB6__NC_091434.1__extracted__TRB.fasta___bowtie	S60737_TRBJ2-4*01_Oryctolagus_cuniculus	84.375	32	5	0	6	37	44	13	0.091	24.3	ACCGTGAGCTTGGTGCCGGGACCGAAATACTG	ACCGAGAGCCTGGTGCCCGCACCGAAGTACTG	68	4TA4TC7GC1GC6AG5
IMGT000032_TRBJ2-6*02_Oryctolagus_cuniculus_Thorbecke_inbred___82188___82235___-___/content/VDJ-Insights/VDJ-Insights_tutorial_regions/TR/GCF_964237555.1_mOryCun1.1_genomic__MGAM__EPHB6__NC_091434.1__extracted__TRB.fasta___bowtie	S60737_TRBJ2-4*01_Oryctolagus_cuniculus	100.000	7	0	0	30	36	6	12	88	14.4	AAATACT	AAATACT	68	7
IMGT000032_TRBJ2-6*02_Oryctolagus_cuniculus_Thorbecke_inbred___82188___82235___-___/content/VDJ-Insights/VDJ-Insights_tutorial_regions/TR/GCF_964237555.1_mOryCun1.1_genomic__MGAM__EPHB6__NC_091434.1__extracted__TRB.fasta___bowtie	S60737_TRBJ2-3*01_Oryctolagus_cuniculus	90.000	20	2	0	18	37	32	13	0.091	24.3	GTGCCGGGACCGAAATACTG	GTGCCTGGGCCGAAATACTG	60	5GT2AG11
IMGT000032_TRBJ2-6*02_Oryctolagus_cuniculus_Thorbecke_inbred___82188___82235___-___/content/VDJ-Insights/VDJ-Insights_tutorial_regions/TR/GCF_964237555.1_mOryCun1.1_genomic__MGAM__EPHB6__NC_091434.1__extracted__TRB.fasta___bowtie	S60737_TRBJ2-3*01_Oryctolagus_cuniculus	100.000	8	0	0	4	11	38	45	22	16.4	TGACCGTG	TGACCGTG	60	8
S60737_TRBJ2-4*01_Oryctolagus_cuniculus___82570___82619___-___/content/VDJ-Insights/VDJ-Insights_tutorial_regions/TR/GCF_964237555.1_mOryCun1.1_genomic__MGAM__EPHB6__NC_091434.1__extracted__TRB.fasta___bowtie	S60737_TRBJ2-4*01_Oryctolagus_cuniculus	95.918	49	2	0	1	49	49	1	4.76e-19	81.8	CTAGCACCGAGAGCCTGGTGCCTGCACCGAAGTACTGAGTATCTTGGCT	CTAGCACCGAGAGCCTGGTGCCCGCACCGAAGTACTGAGTATTTTGGCT	100	22TC19CT6
S60737_TRBJ2-4*01_Oryctolagus_cuniculus___82570___82619___-___/content/VDJ-Insights/VDJ-Insights_tutorial_regions/TR/GCF_964237555.1_mOryCun1.1_genomic__MGAM__EPHB6__NC_091434.1__extracted__TRB.fasta___bowtie	S60737_TRBJ2-4*01_Oryctolagus_cuniculus	100.000	7	0	0	4	10	26	20	93	14.4	GCACCGA	GCACCGA	100	7
S60737_TRBJ2-4*01_Oryctolagus_cuniculus___82570___82619___-___/content/VDJ-Insights/VDJ-Insights_tutorial_regions/TR/GCF_964237555.1_mOryCun1.1_genomic__MGAM__EPHB6__NC_091434.1__extracted__TRB.fasta___bowtie	S60737_TRBJ2-4*01_Oryctolagus_cuniculus	100.000	7	0	0	24	30	46	40	93	14.4	GCACCGA	GCACCGA	100	7
S60737_TRBJ2-4*01_Oryctolagus_cuniculus___82570___82619___-___/content/VDJ-Insights/VDJ-Insights_tutorial_regions/TR/GCF_964237555.1_mOryCun1.1_genomic__MGAM__EPHB6__NC_091434.1__extracted__TRB.fasta___bowtie	BK064757_TRAJ20*01_Oryctolagus_cuniculus_Thorbecke_inbred	94.118	17	1	0	16	32	39	23	0.024	26.3	TGGTGCCTGCACCGAAG	TGGTGCCTGCTCCGAAG	35	10AT6
S60737_TRBJ2-4*01_Oryctolagus_cuniculus___82570___82619___-___/content/VDJ-Insights/VDJ-Insights_tutorial_regions/TR/GCF_964237555.1_mOryCun1.1_genomic__MGAM__EPHB6__NC_091434.1__extracted__TRB.fasta___bowtie	IMGT000032_TRBJ2-6*02_Oryctolagus_cuniculus_Thorbecke_inbred	84.375	32	5	0	6	37	42	11	0.096	24.3	ACCGAGAGCCTGGTGCCTGCACCGAAGTACTG	ACCGTGAGCTTGGTGCCGGGACCGAAATACTG	65	4AT4CT7TG1CG6GA5
S60737_TRBJ2-4*01_Oryctolagus_cuniculus___82570___82619___-___/content/VDJ-Insights/VDJ-Insights_tutorial_regions/TR/GCF_964237555.1_mOryCun1.1_genomic__MGAM__EPHB6__NC_091434.1__extracted__TRB.fasta___bowtie	IMGT000032_TRBJ1-6*01_Oryctolagus_cuniculus_Thorbecke_inbred	100.000	12	0	0	11	22	38	27	0.096	24.3	GAGCCTGGTGCC	GAGCCTGGTGCC	24	12
S60737_TRBJ2-4*01_Oryctolagus_cuniculus___82570___82619___-___/content/VDJ-Insights/VDJ-Insights_tutorial_regions/TR/GCF_964237555.1_mOryCun1.1_genomic__MGAM__EPHB6__NC_091434.1__extracted__TRB.fasta___bowtie	IMGT000032_TRBV15*01_Oryctolagus_cuniculus_Thorbecke_inbred	100.000	11	0	0	39	49	22	12	0.38	22.3	GTATCTTGGCT	GTATCTTGGCT	22	11
S60737_TRBJ2-3*01_Oryctolagus_cuniculus___82707___82756___-___/content/VDJ-Insights/VDJ-Insights_tutorial_regions/TR/GCF_964237555.1_mOryCun1.1_genomic__MGAM__EPHB6__NC_091434.1__extracted__TRB.fasta___bowtie	S60737_TRBJ2-3*01_Oryctolagus_cuniculus	100.000	49	0	0	1	49	49	1	8.00e-24	97.6	CAAGCACGGTCAGCCGAGTGCCTGGGCCGAAATACTGGGTCTCTGAGCT	CAAGCACGGTCAGCCGAGTGCCTGGGCCGAAATACTGGGTCTCTGAGCT	100	49
S60737_TRBJ2-3*01_Oryctolagus_cuniculus___82707___82756___-___/content/VDJ-Insights/VDJ-Insights_tutorial_regions/TR/GCF_964237555.1_mOryCun1.1_genomic__MGAM__EPHB6__NC_091434.1__extracted__TRB.fasta___bowtie	S60737_TRBJ2-5*01_Oryctolagus_cuniculus	100.000	14	0	0	3	16	51	38	0.006	28.2	AGCACGGTCAGCCG	AGCACGGTCAGCCG	29	14
S60737_TRBJ2-3*01_Oryctolagus_cuniculus___82707___82756___-___/content/VDJ-Insights/VDJ-Insights_tutorial_regions/TR/GCF_964237555.1_mOryCun1.1_genomic__MGAM__EPHB6__NC_091434.1__extracted__TRB.fasta___bowtie	S60737_TRBJ2-1*01_Oryctolagus_cuniculus	86.207	29	4	0	3	31	51	23	0.024	26.3	AGCACGGTCAGCCGAGTGCCTGGGCCGAA	AGCACGGTGAGCTGGGTGCCTGGTCCGAA	59	8CG3CT1AG8GT5
S60737_TRBJ2-3*01_Oryctolagus_cuniculus___82707___82756___-___/content/VDJ-Insights/VDJ-Insights_tutorial_regions/TR/GCF_964237555.1_mOryCun1.1_genomic__MGAM__EPHB6__NC_091434.1__extracted__TRB.fasta___bowtie	IMGT000032_TRBJ2-6*02_Oryctolagus_cuniculus_Thorbecke_inbred	90.000	20	2	0	18	37	30	11	0.096	24.3	GTGCCTGGGCCGAAATACTG	GTGCCGGGACCGAAATACTG	57	5TG2GA11
S60737_TRBJ2-3*01_Oryctolagus_cuniculus___82707___82756___-___/content/VDJ-Insights/VDJ-Insights_tutorial_regions/TR/GCF_964237555.1_mOryCun1.1_genomic__MGAM__EPHB6__NC_091434.1__extracted__TRB.fasta___bowtie	IMGT000032_TRBJ2-6*02_Oryctolagus_cuniculus_Thorbecke_inbred	100.000	8	0	0	5	12	37	44	23	16.4	CACGGTCA	CACGGTCA	57	8
S60737_TRBJ2-3*01_Oryctolagus_cuniculus___82707___82756___-___/content/VDJ-Insights/VDJ-Insights_tutorial_regions/TR/GCF_964237555.1_mOryCun1.1_genomic__MGAM__EPHB6__NC_091434.1__extracted__TRB.fasta___bowtie	S60737_TRBJ2-6*01_Oryctolagus_cuniculus	90.000	20	2	0	18	37	30	11	0.096	24.3	GTGCCTGGGCCGAAATACTG	GTGCCGGGACCGAAATACTG	57	5TG2GA11
S60737_TRBJ2-3*01_Oryctolagus_cuniculus___82707___82756___-___/content/VDJ-Insights/VDJ-Insights_tutorial_regions/TR/GCF_964237555.1_mOryCun1.1_genomic__MGAM__EPHB6__NC_091434.1__extracted__TRB.fasta___bowtie	S60737_TRBJ2-6*01_Oryctolagus_cuniculus	100.000	8	0	0	5	12	37	44	23	16.4	CACGGTCA	CACGGTCA	57	8
S60737_TRBD2*01_Oryctolagus_cuniculus___83804___83819___-___/content/VDJ-Insights/VDJ-Insights_tutorial_regions/TR/GCF_964237555.1_mOryCun1.1_genomic__MGAM__EPHB6__NC_091434.1__extracted__TRB.fasta___bowtie	S60737_TRBD2*01_Oryctolagus_cuniculus	100.000	15	0	0	1	15	15	1	2.41e-04	30.2	CCCCCCCCCAGTCCC	CCCCCCCCCAGTCCC	100	15
S60737_TRBD2*01_Oryctolagus_cuniculus___83804___83819___-___/content/VDJ-Insights/VDJ-Insights_tutorial_regions/TR/GCF_964237555.1_mOryCun1.1_genomic__MGAM__EPHB6__NC_091434.1__extracted__TRB.fasta___bowtie	IMGT000032_TRBV5-10*01_Oryctolagus_cuniculus_Thorbecke_inbred	100.000	10	0	0	4	13	71	80	0.23	20.3	CCCCCCAGTC	CCCCCCAGTC	67	10
S60737_TRBD2*01_Oryctolagus_cuniculus___83804___83819___-___/content/VDJ-Insights/VDJ-Insights_tutorial_regions/TR/GCF_964237555.1_mOryCun1.1_genomic__MGAM__EPHB6__NC_091434.1__extracted__TRB.fasta___bowtie	BK064757_TRAJ38*01_Oryctolagus_cuniculus_Thorbecke_inbred	100.000	10	0	0	6	15	40	31	0.23	20.3	CCCCAGTCCC	CCCCAGTCCC	67	10
S60737_TRBD2*01_Oryctolagus_cuniculus___83804___83819___-___/content/VDJ-Insights/VDJ-Insights_tutorial_regions/TR/GCF_964237555.1_mOryCun1.1_genomic__MGAM__EPHB6__NC_091434.1__extracted__TRB.fasta___bowtie	IMGT000032_TRBV7-8*01_Oryctolagus_cuniculus_Thorbecke_inbred	100.000	9	0	0	7	15	14	22	0.92	18.3	CCCAGTCCC	CCCAGTCCC	73	9
S60737_TRBD2*01_Oryctolagus_cuniculus___83804___83819___-___/content/VDJ-Insights/VDJ-Insights_tutorial_regions/TR/GCF_964237555.1_mOryCun1.1_genomic__MGAM__EPHB6__NC_091434.1__extracted__TRB.fasta___bowtie	IMGT000032_TRBV7-8*01_Oryctolagus_cuniculus_Thorbecke_inbred	100.000	7	0	0	5	11	20	26	14	14.4	CCCCCAG	CCCCCAG	73	7
S60737_TRBD2*01_Oryctolagus_cuniculus___83804___83819___-___/content/VDJ-Insights/VDJ-Insights_tutorial_regions/TR/GCF_964237555.1_mOryCun1.1_genomic__MGAM__EPHB6__NC_091434.1__extracted__TRB.fasta___bowtie	IMGT000032_TRBV7-8*01_Oryctolagus_cuniculus_Thorbecke_inbred	100.000	7	0	0	5	11	215	209	14	14.4	CCCCCAG	CCCCCAG	73	7
S60737_TRBD2*01_Oryctolagus_cuniculus___83804___83819___-___/content/VDJ-Insights/VDJ-Insights_tutorial_regions/TR/GCF_964237555.1_mOryCun1.1_genomic__MGAM__EPHB6__NC_091434.1__extracted__TRB.fasta___bowtie	IMGT000032_TRBV7-7*01_Oryctolagus_cuniculus_Thorbecke_inbred	100.000	9	0	0	7	15	14	22	0.92	18.3	CCCAGTCCC	CCCAGTCCC	73	9
S60737_TRBD2*01_Oryctolagus_cuniculus___83804___83819___-___/content/VDJ-Insights/VDJ-Insights_tutorial_regions/TR/GCF_964237555.1_mOryCun1.1_genomic__MGAM__EPHB6__NC_091434.1__extracted__TRB.fasta___bowtie	IMGT000032_TRBV7-7*01_Oryctolagus_cuniculus_Thorbecke_inbred	100.000	7	0	0	5	11	20	26	14	14.4	CCCCCAG	CCCCCAG	73	7
S60737_TRBD2*01_Oryctolagus_cuniculus___83804___83819___-___/content/VDJ-Insights/VDJ-Insights_tutorial_regions/TR/GCF_964237555.1_mOryCun1.1_genomic__MGAM__EPHB6__NC_091434.1__extracted__TRB.fasta___bowtie	IMGT000032_TRBV7-7*01_Oryctolagus_cuniculus_Thorbecke_inbred	100.000	7	0	0	5	11	215	209	14	14.4	CCCCCAG	CCCCCAG	73	7
IMGT000032_TRBJ1-6*01_Oryctolagus_cuniculus_Thorbecke_inbred___91315___91363___-___/content/VDJ-Insights/VDJ-Insights_tutorial_regions/TR/GCF_964237555.1_mOryCun1.1_genomic__MGAM__EPHB6__NC_091434.1__extracted__TRB.fasta___bowtie	IMGT000032_TRBJ1-6*01_Oryctolagus_cuniculus_Thorbecke_inbred	100.000	48	0	0	1	48	48	1	3.08e-23	95.6	CTGTCACGGTGAGCCTGGTGCCGACTCCAAAGTGGAGTGGTGAATTAG	CTGTCACGGTGAGCCTGGTGCCGACTCCAAAGTGGAGTGGTGAATTAG	100	48
IMGT000032_TRBJ1-6*01_Oryctolagus_cuniculus_Thorbecke_inbred___91315___91363___-___/content/VDJ-Insights/VDJ-Insights_tutorial_regions/TR/GCF_964237555.1_mOryCun1.1_genomic__MGAM__EPHB6__NC_091434.1__extracted__TRB.fasta___bowtie	S60737_TRBJ2-4*01_Oryctolagus_cuniculus	100.000	12	0	0	11	22	39	28	0.094	24.3	GAGCCTGGTGCC	GAGCCTGGTGCC	25	12
IMGT000032_TRBJ1-6*01_Oryctolagus_cuniculus_Thorbecke_inbred___91315___91363___-___/content/VDJ-Insights/VDJ-Insights_tutorial_regions/TR/GCF_964237555.1_mOryCun1.1_genomic__MGAM__EPHB6__NC_091434.1__extracted__TRB.fasta___bowtie	IMGT000032_TRBJ1-1*01_Oryctolagus_cuniculus_Thorbecke_inbred	87.500	24	3	0	9	32	40	17	0.094	24.3	GTGAGCCTGGTGCCGACTCCAAAG	GTGAGTCTGGTGCCTTCTCCAAAG	50	5CT8GTAT8
IMGT000032_TRBJ1-6*01_Oryctolagus_cuniculus_Thorbecke_inbred___91315___91363___-___/content/VDJ-Insights/VDJ-Insights_tutorial_regions/TR/GCF_964237555.1_mOryCun1.1_genomic__MGAM__EPHB6__NC_091434.1__extracted__TRB.fasta___bowtie	IMGT000030_TRGV2*01_Oryctolagus_cuniculus_Thorbecke_inbred	100.000	12	0	0	26	37	4	15	0.094	24.3	TCCAAAGTGGAG	TCCAAAGTGGAG	44	12
IMGT000032_TRBJ1-6*01_Oryctolagus_cuniculus_Thorbecke_inbred___91315___91363___-___/content/VDJ-Insights/VDJ-Insights_tutorial_regions/TR/GCF_964237555.1_mOryCun1.1_genomic__MGAM__EPHB6__NC_091434.1__extracted__TRB.fasta___bowtie	IMGT000030_TRGV2*01_Oryctolagus_cuniculus_Thorbecke_inbred	100.000	8	0	0	25	32	141	134	23	16.4	CTCCAAAG	CTCCAAAG	44	8
IMGT000032_TRBJ1-6*01_Oryctolagus_cuniculus_Thorbecke_inbred___91315___91363___-___/content/VDJ-Insights/VDJ-Insights_tutorial_regions/TR/GCF_964237555.1_mOryCun1.1_genomic__MGAM__EPHB6__NC_091434.1__extracted__TRB.fasta___bowtie	IMGT000030_TRGV2*01_Oryctolagus_cuniculus_Thorbecke_inbred	100.000	8	0	0	41	48	152	145	23	16.4	TGAATTAG	TGAATTAG	44	8
IMGT000032_TRBJ1-6*01_Oryctolagus_cuniculus_Thorbecke_inbred___91315___91363___-___/content/VDJ-Insights/VDJ-Insights_tutorial_regions/TR/GCF_964237555.1_mOryCun1.1_genomic__MGAM__EPHB6__NC_091434.1__extracted__TRB.fasta___bowtie	IMGT000030_TRGV2*01_Oryctolagus_cuniculus_Thorbecke_inbred	100.000	7	0	0	30	36	241	235	90	14.4	AAGTGGA	AAGTGGA	44	7
IMGT000032_TRBJ1-6*01_Oryctolagus_cuniculus_Thorbecke_inbred___91315___91363___-___/content/VDJ-Insights/VDJ-Insights_tutorial_regions/TR/GCF_964237555.1_mOryCun1.1_genomic__MGAM__EPHB6__NC_091434.1__extracted__TRB.fasta___bowtie	IMGT000032_TRBJ2-6*02_Oryctolagus_cuniculus_Thorbecke_inbred	93.333	15	1	0	9	23	39	25	0.37	22.3	GTGAGCCTGGTGCCG	GTGAGCTTGGTGCCG	42	6CT8
IMGT000032_TRBJ1-6*01_Oryctolagus_cuniculus_Thorbecke_inbred___91315___91363___-___/content/VDJ-Insights/VDJ-Insights_tutorial_regions/TR/GCF_964237555.1_mOryCun1.1_genomic__MGAM__EPHB6__NC_091434.1__extracted__TRB.fasta___bowtie	IMGT000032_TRBJ2-6*02_Oryctolagus_cuniculus_Thorbecke_inbred	100.000	7	0	0	4	10	36	42	90	14.4	TCACGGT	TCACGGT	42	7
IMGT000032_TRBJ1-5*01_Oryctolagus_cuniculus_Thorbecke_inbred___91784___91827___-___/content/VDJ-Insights/VDJ-Insights_tutorial_regions/TR/GCF_964237555.1_mOryCun1.1_genomic__MGAM__EPHB6__NC_091434.1__extracted__TRB.fasta___bowtie	IMGT000032_TRBJ1-5*01_Oryctolagus_cuniculus_Thorbecke_inbred	100.000	43	0	0	1	43	43	1	2.58e-20	85.7	CTAGGACAGAGAGTCGGGTCCCGCTGCCAAAATGCTGCTGCTG	CTAGGACAGAGAGTCGGGTCCCGCTGCCAAAATGCTGCTGCTG	100	43
IMGT000032_TRBJ1-5*01_Oryctolagus_cuniculus_Thorbecke_inbred___91784___91827___-___/content/VDJ-Insights/VDJ-Insights_tutorial_regions/TR/GCF_964237555.1_mOryCun1.1_genomic__MGAM__EPHB6__NC_091434.1__extracted__TRB.fasta___bowtie	BK064757_TRAV45-7*01_Oryctolagus_cuniculus_Thorbecke_inbred	100.000	13	0	0	3	15	169	181	0.021	26.3	AGGACAGAGAGTC	AGGACAGAGAGTC	30	13
IMGT000032_TRBJ1-5*01_Oryctolagus_cuniculus_Thorbecke_inbred___91784___91827___-___/content/VDJ-Insights/VDJ-Insights_tutorial_regions/TR/GCF_964237555.1_mOryCun1.1_genomic__MGAM__EPHB6__NC_091434.1__extracted__TRB.fasta___bowtie	BK064757_TRAJ35*01_Oryctolagus_cuniculus_Thorbecke_inbred	100.000	9	0	0	27	35	34	26	5.0	18.3	CCAAAATGC	CCAAAATGC	21	9
IMGT000032_TRBJ1-5*01_Oryctolagus_cuniculus_Thorbecke_inbred___91784___91827___-___/content/VDJ-Insights/VDJ-Insights_tutorial_regions/TR/GCF_964237555.1_mOryCun1.1_genomic__MGAM__EPHB6__NC_091434.1__extracted__TRB.fasta___bowtie	BK064757_TRAJ24*01_Oryctolagus_cuniculus_Thorbecke_inbred	100.000	9	0	0	27	35	34	26	5.0	18.3	CCAAAATGC	CCAAAATGC	37	9
IMGT000032_TRBJ1-5*01_Oryctolagus_cuniculus_Thorbecke_inbred___91784___91827___-___/content/VDJ-Insights/VDJ-Insights_tutorial_regions/TR/GCF_964237555.1_mOryCun1.1_genomic__MGAM__EPHB6__NC_091434.1__extracted__TRB.fasta___bowtie	BK064757_TRAJ24*01_Oryctolagus_cuniculus_Thorbecke_inbred	100.000	7	0	0	29	35	21	27	78	14.4	AAAATGC	AAAATGC	37	7
IMGT000032_TRBJ1-5*01_Oryctolagus_cuniculus_Thorbecke_inbred___91784___91827___-___/content/VDJ-Insights/VDJ-Insights_tutorial_regions/TR/GCF_964237555.1_mOryCun1.1_genomic__MGAM__EPHB6__NC_091434.1__extracted__TRB.fasta___bowtie	BK064757_TRAJ24*01_Oryctolagus_cuniculus_Thorbecke_inbred	100.000	7	0	0	16	22	45	39	78	14.4	GGGTCCC	GGGTCCC	37	7
IMGT000032_TRBJ1-5*01_Oryctolagus_cuniculus_Thorbecke_inbred___91784___91827___-___/content/VDJ-Insights/VDJ-Insights_tutorial_regions/TR/GCF_964237555.1_mOryCun1.1_genomic__MGAM__EPHB6__NC_091434.1__extracted__TRB.fasta___bowtie	IMGT000032_TRBV7-9*01_Oryctolagus_cuniculus_Thorbecke_inbred	100.000	9	0	0	32	40	287	279	5.0	18.3	ATGCTGCTG	ATGCTGCTG	47	9
IMGT000032_TRBJ1-5*01_Oryctolagus_cuniculus_Thorbecke_inbred___91784___91827___-___/content/VDJ-Insights/VDJ-Insights_tutorial_regions/TR/GCF_964237555.1_mOryCun1.1_genomic__MGAM__EPHB6__NC_091434.1__extracted__TRB.fasta___bowtie	IMGT000032_TRBV7-9*01_Oryctolagus_cuniculus_Thorbecke_inbred	100.000	8	0	0	36	43	286	279	20	16.4	TGCTGCTG	TGCTGCTG	47	8
IMGT000032_TRBJ1-5*01_Oryctolagus_cuniculus_Thorbecke_inbred___91784___91827___-___/content/VDJ-Insights/VDJ-Insights_tutorial_regions/TR/GCF_964237555.1_mOryCun1.1_genomic__MGAM__EPHB6__NC_091434.1__extracted__TRB.fasta___bowtie	IMGT000032_TRBV7-9*01_Oryctolagus_cuniculus_Thorbecke_inbred	100.000	7	0	0	4	10	46	52	78	14.4	GGACAGA	GGACAGA	47	7
IMGT000032_TRBJ1-5*01_Oryctolagus_cuniculus_Thorbecke_inbred___91784___91827___-___/content/VDJ-Insights/VDJ-Insights_tutorial_regions/TR/GCF_964237555.1_mOryCun1.1_genomic__MGAM__EPHB6__NC_091434.1__extracted__TRB.fasta___bowtie	IMGT000032_TRBV7-9*01_Oryctolagus_cuniculus_Thorbecke_inbred	100.000	7	0	0	5	11	107	113	78	14.4	GACAGAG	GACAGAG	47	7
IMGT000032_TRBJ1-3*01_Oryctolagus_cuniculus_Thorbecke_inbred___92592___92642___-___/content/VDJ-Insights/VDJ-Insights_tutorial_regions/TR/GCF_964237555.1_mOryCun1.1_genomic__MGAM__EPHB6__NC_091434.1__extracted__TRB.fasta___bowtie	IMGT000032_TRBJ1-3*01_Oryctolagus_cuniculus_Thorbecke_inbred	98.000	50	1	0	1	50	50	1	5.06e-22	91.7	CTACAACAGTGAGCCGGCTTCCCTCCCCGAAATAGACGGTGTTTCCAGAA	CTACAACAGTGAGCTGGCTTCCCTCCCCGAAATAGACGGTGTTTCCAGAA	100	14CT35
IMGT000032_TRBJ1-3*01_Oryctolagus_cuniculus_Thorbecke_inbred___92592___92642___-___/content/VDJ-Insights/VDJ-Insights_tutorial_regions/TR/GCF_964237555.1_mOryCun1.1_genomic__MGAM__EPHB6__NC_091434.1__extracted__TRB.fasta___bowtie	BK064757_TRDV5*01_Oryctolagus_cuniculus_Thorbecke_inbred	100.000	11	0	0	29	39	270	260	0.39	22.3	GAAATAGACGG	GAAATAGACGG	22	11
IMGT000032_TRBJ1-3*01_Oryctolagus_cuniculus_Thorbecke_inbred___92592___92642___-___/content/VDJ-Insights/VDJ-Insights_tutorial_regions/TR/GCF_964237555.1_mOryCun1.1_genomic__MGAM__EPHB6__NC_091434.1__extracted__TRB.fasta___bowtie	BK064757_TRAV13-4*01_Oryctolagus_cuniculus_Thorbecke_inbred	100.000	11	0	0	5	15	192	182	0.39	22.3	AACAGTGAGCC	AACAGTGAGCC	38	11
IMGT000032_TRBJ1-3*01_Oryctolagus_cuniculus_Thorbecke_inbred___92592___92642___-___/content/VDJ-Insights/VDJ-Insights_tutorial_regions/TR/GCF_964237555.1_mOryCun1.1_genomic__MGAM__EPHB6__NC_091434.1__extracted__TRB.fasta___bowtie	BK064757_TRAV13-4*01_Oryctolagus_cuniculus_Thorbecke_inbred	100.000	8	0	0	4	11	78	85	24	16.4	CAACAGTG	CAACAGTG	38	8
IMGT000032_TRBJ1-3*01_Oryctolagus_cuniculus_Thorbecke_inbred___92592___92642___-___/content/VDJ-Insights/VDJ-Insights_tutorial_regions/TR/GCF_964237555.1_mOryCun1.1_genomic__MGAM__EPHB6__NC_091434.1__extracted__TRB.fasta___bowtie	BK064757_TRAV13-4*01_Oryctolagus_cuniculus_Thorbecke_inbred	100.000	7	0	0	29	35	99	93	95	14.4	GAAATAG	GAAATAG	38	7
IMGT000032_TRBJ1-3*01_Oryctolagus_cuniculus_Thorbecke_inbred___92592___92642___-___/content/VDJ-Insights/VDJ-Insights_tutorial_regions/TR/GCF_964237555.1_mOryCun1.1_genomic__MGAM__EPHB6__NC_091434.1__extracted__TRB.fasta___bowtie	BK064757_TRAV13-1*01_Oryctolagus_cuniculus_Thorbecke_inbred	100.000	11	0	0	5	15	192	182	0.39	22.3	AACAGTGAGCC	AACAGTGAGCC	36	11
IMGT000032_TRBJ1-3*01_Oryctolagus_cuniculus_Thorbecke_inbred___92592___92642___-___/content/VDJ-Insights/VDJ-Insights_tutorial_regions/TR/GCF_964237555.1_mOryCun1.1_genomic__MGAM__EPHB6__NC_091434.1__extracted__TRB.fasta___bowtie	BK064757_TRAV13-1*01_Oryctolagus_cuniculus_Thorbecke_inbred	100.000	7	0	0	29	35	99	93	95	14.4	GAAATAG	GAAATAG	36	7
IMGT000032_TRBJ1-3*01_Oryctolagus_cuniculus_Thorbecke_inbred___92592___92642___-___/content/VDJ-Insights/VDJ-Insights_tutorial_regions/TR/GCF_964237555.1_mOryCun1.1_genomic__MGAM__EPHB6__NC_091434.1__extracted__TRB.fasta___bowtie	BK064757_TRAV5-6*01_Oryctolagus_cuniculus_Thorbecke_inbred	100.000	10	0	0	6	15	191	182	1.5	20.3	ACAGTGAGCC	ACAGTGAGCC	52	10
IMGT000032_TRBJ1-3*01_Oryctolagus_cuniculus_Thorbecke_inbred___92592___92642___-___/content/VDJ-Insights/VDJ-Insights_tutorial_regions/TR/GCF_964237555.1_mOryCun1.1_genomic__MGAM__EPHB6__NC_091434.1__extracted__TRB.fasta___bowtie	BK064757_TRAV5-6*01_Oryctolagus_cuniculus_Thorbecke_inbred	100.000	8	0	0	34	41	5	12	24	16.4	AGACGGTG	AGACGGTG	52	8
IMGT000032_TRBJ1-3*01_Oryctolagus_cuniculus_Thorbecke_inbred___92592___92642___-___/content/VDJ-Insights/VDJ-Insights_tutorial_regions/TR/GCF_964237555.1_mOryCun1.1_genomic__MGAM__EPHB6__NC_091434.1__extracted__TRB.fasta___bowtie	BK064757_TRAV5-6*01_Oryctolagus_cuniculus_Thorbecke_inbred	100.000	8	0	0	20	27	48	41	24	16.4	TCCCTCCC	TCCCTCCC	52	8
IMGT000032_TRBJ1-2*01_Oryctolagus_cuniculus_Thorbecke_inbred___93111___93159___-___/content/VDJ-Insights/VDJ-Insights_tutorial_regions/TR/GCF_964237555.1_mOryCun1.1_genomic__MGAM__EPHB6__NC_091434.1__extracted__TRB.fasta___bowtie	IMGT000032_TRBJ1-2*01_Oryctolagus_cuniculus_Thorbecke_inbred	97.917	48	1	0	1	48	48	1	7.51e-21	87.7	CTACAACCGTCAGCCTTGTCCCTGAGCCGAAGGTGTAGTCATAGTTGG	CTACAACCGTCAGCCTCGTCCCTGAGCCGAAGGTGTAGTCATAGTTGG	100	16TC31
IMGT000032_TRBJ1-2*01_Oryctolagus_cuniculus_Thorbecke_inbred___93111___93159___-___/content/VDJ-Insights/VDJ-Insights_tutorial_regions/TR/GCF_964237555.1_mOryCun1.1_genomic__MGAM__EPHB6__NC_091434.1__extracted__TRB.fasta___bowtie	IMGT000032_TRBV6-9*01_Oryctolagus_cuniculus_Thorbecke_inbred	100.000	13	0	0	34	46	94	82	0.024	26.3	TGTAGTCATAGTT	TGTAGTCATAGTT	42	13
IMGT000032_TRBJ1-2*01_Oryctolagus_cuniculus_Thorbecke_inbred___93111___93159___-___/content/VDJ-Insights/VDJ-Insights_tutorial_regions/TR/GCF_964237555.1_mOryCun1.1_genomic__MGAM__EPHB6__NC_091434.1__extracted__TRB.fasta___bowtie	IMGT000032_TRBV6-9*01_Oryctolagus_cuniculus_Thorbecke_inbred	100.000	7	0	0	20	26	162	168	90	14.4	CCCTGAG	CCCTGAG	42	7
IMGT000032_TRBJ1-2*01_Oryctolagus_cuniculus_Thorbecke_inbred___93111___93159___-___/content/VDJ-Insights/VDJ-Insights_tutorial_regions/TR/GCF_964237555.1_mOryCun1.1_genomic__MGAM__EPHB6__NC_091434.1__extracted__TRB.fasta___bowtie	IMGT000032_TRBV6-7*01_Oryctolagus_cuniculus_Thorbecke_inbred	100.000	13	0	0	34	46	94	82	0.024	26.3	TGTAGTCATAGTT	TGTAGTCATAGTT	44	13
IMGT000032_TRBJ1-2*01_Oryctolagus_cuniculus_Thorbecke_inbred___93111___93159___-___/content/VDJ-Insights/VDJ-Insights_tutorial_regions/TR/GCF_964237555.1_mOryCun1.1_genomic__MGAM__EPHB6__NC_091434.1__extracted__TRB.fasta___bowtie	IMGT000032_TRBV6-7*01_Oryctolagus_cuniculus_Thorbecke_inbred	100.000	8	0	0	7	14	235	242	23	16.4	CCGTCAGC	CCGTCAGC	44	8
IMGT000032_TRBJ1-2*01_Oryctolagus_cuniculus_Thorbecke_inbred___93111___93159___-___/content/VDJ-Insights/VDJ-Insights_tutorial_regions/TR/GCF_964237555.1_mOryCun1.1_genomic__MGAM__EPHB6__NC_091434.1__extracted__TRB.fasta___bowtie	IMGT000032_TRBV6-5*01_Oryctolagus_cuniculus_Thorbecke_inbred	100.000	13	0	0	34	46	94	82	0.024	26.3	TGTAGTCATAGTT	TGTAGTCATAGTT	27	13
IMGT000032_TRBJ1-2*01_Oryctolagus_cuniculus_Thorbecke_inbred___93111___93159___-___/content/VDJ-Insights/VDJ-Insights_tutorial_regions/TR/GCF_964237555.1_mOryCun1.1_genomic__MGAM__EPHB6__NC_091434.1__extracted__TRB.fasta___bowtie	IMGT000032_TRBV6-3*01_Oryctolagus_cuniculus_Thorbecke_inbred	100.000	13	0	0	34	46	94	82	0.024	26.3	TGTAGTCATAGTT	TGTAGTCATAGTT	27	13
IMGT000032_TRBJ1-1*01_Oryctolagus_cuniculus_Thorbecke_inbred___93246___93294___-___/content/VDJ-Insights/VDJ-Insights_tutorial_regions/TR/GCF_964237555.1_mOryCun1.1_genomic__MGAM__EPHB6__NC_091434.1__extracted__TRB.fasta___bowtie	IMGT000032_TRBJ1-1*01_Oryctolagus_cuniculus_Thorbecke_inbred	100.000	48	0	0	1	48	48	1	3.08e-23	95.6	CTATAACTGTGAGTCTGGTGCCTTCTCCAAAGAAAAGTTCAGTGTTGA	CTATAACTGTGAGTCTGGTGCCTTCTCCAAAGAAAAGTTCAGTGTTGA	100	48
IMGT000032_TRBJ1-1*01_Oryctolagus_cuniculus_Thorbecke_inbred___93246___93294___-___/content/VDJ-Insights/VDJ-Insights_tutorial_regions/TR/GCF_964237555.1_mOryCun1.1_genomic__MGAM__EPHB6__NC_091434.1__extracted__TRB.fasta___bowtie	BK064757_TRAJ43*01_Oryctolagus_cuniculus_Thorbecke_inbred	90.476	21	2	0	12	32	43	23	0.024	26.3	AGTCTGGTGCCTTCTCCAAAG	AGTCTGGTCCCTGCTCCAAAG	44	8GC3TG8
IMGT000032_TRBJ1-1*01_Oryctolagus_cuniculus_Thorbecke_inbred___93246___93294___-___/content/VDJ-Insights/VDJ-Insights_tutorial_regions/TR/GCF_964237555.1_mOryCun1.1_genomic__MGAM__EPHB6__NC_091434.1__extracted__TRB.fasta___bowtie	IMGT000032_TRBJ1-6*01_Oryctolagus_cuniculus_Thorbecke_inbred	87.500	24	3	0	9	32	40	17	0.094	24.3	GTGAGTCTGGTGCCTTCTCCAAAG	GTGAGCCTGGTGCCGACTCCAAAG	50	5TC8TGTA8
IMGT000032_TRBJ1-1*01_Oryctolagus_cuniculus_Thorbecke_inbred___93246___93294___-___/content/VDJ-Insights/VDJ-Insights_tutorial_regions/TR/GCF_964237555.1_mOryCun1.1_genomic__MGAM__EPHB6__NC_091434.1__extracted__TRB.fasta___bowtie	BK064757_TRAJ42*01_Oryctolagus_cuniculus_Thorbecke_inbred	93.750	16	1	0	18	33	46	31	0.094	24.3	GTGCCTTCTCCAAAGA	GTGCCTTTTCCAAAGA	33	7CT8
IMGT000032_TRBJ1-1*01_Oryctolagus_cuniculus_Thorbecke_inbred___93246___93294___-___/content/VDJ-Insights/VDJ-Insights_tutorial_regions/TR/GCF_964237555.1_mOryCun1.1_genomic__MGAM__EPHB6__NC_091434.1__extracted__TRB.fasta___bowtie	S60737_TRBJ2-6*01_Oryctolagus_cuniculus	92.857	14	1	0	9	22	39	26	1.5	20.3	GTGAGTCTGGTGCC	GTGAGTTTGGTGCC	29	6CT7
IMGT000032_TRBD1*01_Oryctolagus_cuniculus_Thorbecke_inbred___93945___93957___-___/content/VDJ-Insights/VDJ-Insights_tutorial_regions/TR/GCF_964237555.1_mOryCun1.1_genomic__MGAM__EPHB6__NC_091434.1__extracted__TRB.fasta___bowtie	IMGT000032_TRBD1*01_Oryctolagus_cuniculus_Thorbecke_inbred	100.000	12	0	0	1	12	12	1	0.010	24.3	GCCCCCTGTCCC	GCCCCCTGTCCC	100	12
IMGT000032_TRBD1*01_Oryctolagus_cuniculus_Thorbecke_inbred___93945___93957___-___/content/VDJ-Insights/VDJ-Insights_tutorial_regions/TR/GCF_964237555.1_mOryCun1.1_genomic__MGAM__EPHB6__NC_091434.1__extracted__TRB.fasta___bowtie	IMGT000032_TRBV26*01_Oryctolagus_cuniculus_Thorbecke_inbred	100.000	9	0	0	4	12	48	40	0.61	18.3	CCCTGTCCC	CCCTGTCCC	92	9
IMGT000032_TRBD1*01_Oryctolagus_cuniculus_Thorbecke_inbred___93945___93957___-___/content/VDJ-Insights/VDJ-Insights_tutorial_regions/TR/GCF_964237555.1_mOryCun1.1_genomic__MGAM__EPHB6__NC_091434.1__extracted__TRB.fasta___bowtie	IMGT000032_TRBV26*01_Oryctolagus_cuniculus_Thorbecke_inbred	100.000	7	0	0	2	8	222	228	9.6	14.4	CCCCCTG	CCCCCTG	92	7
IMGT000032_TRBD1*01_Oryctolagus_cuniculus_Thorbecke_inbred___93945___93957___-___/content/VDJ-Insights/VDJ-Insights_tutorial_regions/TR/GCF_964237555.1_mOryCun1.1_genomic__MGAM__EPHB6__NC_091434.1__extracted__TRB.fasta___bowtie	BK064757_TRAJ49*01_Oryctolagus_cuniculus_Thorbecke_inbred	100.000	8	0	0	5	12	36	29	2.4	16.4	CCTGTCCC	CCTGTCCC	67	8
IMGT000032_TRBD1*01_Oryctolagus_cuniculus_Thorbecke_inbred___93945___93957___-___/content/VDJ-Insights/VDJ-Insights_tutorial_regions/TR/GCF_964237555.1_mOryCun1.1_genomic__MGAM__EPHB6__NC_091434.1__extracted__TRB.fasta___bowtie	BK064757_TRAJ23*01_Oryctolagus_cuniculus_Thorbecke_inbred	100.000	8	0	0	4	11	40	33	2.4	16.4	CCCTGTCC	CCCTGTCC	67	8
IMGT000032_TRBD1*01_Oryctolagus_cuniculus_Thorbecke_inbred___93945___93957___-___/content/VDJ-Insights/VDJ-Insights_tutorial_regions/TR/GCF_964237555.1_mOryCun1.1_genomic__MGAM__EPHB6__NC_091434.1__extracted__TRB.fasta___bowtie	IMGT000032_TRBV7-4*01_Oryctolagus_cuniculus_Thorbecke_inbred	100.000	8	0	0	4	11	33	26	2.4	16.4	CCCTGTCC	CCCTGTCC	75	8
IMGT000032_TRBD1*01_Oryctolagus_cuniculus_Thorbecke_inbred___93945___93957___-___/content/VDJ-Insights/VDJ-Insights_tutorial_regions/TR/GCF_964237555.1_mOryCun1.1_genomic__MGAM__EPHB6__NC_091434.1__extracted__TRB.fasta___bowtie	IMGT000032_TRBV7-4*01_Oryctolagus_cuniculus_Thorbecke_inbred	100.000	7	0	0	6	12	51	45	9.6	14.4	CTGTCCC	CTGTCCC	75	7
BK064757_TRDD1*01_Oryctolagus_cuniculus_Thorbecke_inbred___462483___462494___+___/content/VDJ-Insights/VDJ-Insights_tutorial_regions/TR/GCF_964237555.1_mOryCun1.1_genomic__MGAM__EPHB6__NC_091434.1__extracted__TRB.fasta___bowtie	BK064757_TRDD1*01_Oryctolagus_cuniculus_Thorbecke_inbred	100.000	9	0	0	1	9	1	9	0.46	18.3	ACTACGGGT	ACTACGGGT	82	9
BK064757_TRDD1*01_Oryctolagus_cuniculus_Thorbecke_inbred___462483___462494___+___/content/VDJ-Insights/VDJ-Insights_tutorial_regions/TR/GCF_964237555.1_mOryCun1.1_genomic__MGAM__EPHB6__NC_091434.1__extracted__TRB.fasta___bowtie	BK064757_TRAJ47*01_Oryctolagus_cuniculus_Thorbecke_inbred	100.000	8	0	0	1	8	4	11	1.8	16.4	ACTACGGG	ACTACGGG	73	8
BK064757_TRDD1*01_Oryctolagus_cuniculus_Thorbecke_inbred___462483___462494___+___/content/VDJ-Insights/VDJ-Insights_tutorial_regions/TR/GCF_964237555.1_mOryCun1.1_genomic__MGAM__EPHB6__NC_091434.1__extracted__TRB.fasta___bowtie	BK064757_TRAV45-6*01_Oryctolagus_cuniculus_Thorbecke_inbred	100.000	8	0	0	4	11	32	25	1.8	16.4	ACGGGTCC	ACGGGTCC	73	8
BK064757_TRDD1*01_Oryctolagus_cuniculus_Thorbecke_inbred___462483___462494___+___/content/VDJ-Insights/VDJ-Insights_tutorial_regions/TR/GCF_964237555.1_mOryCun1.1_genomic__MGAM__EPHB6__NC_091434.1__extracted__TRB.fasta___bowtie	BK064757_TRAV45-5*01_Oryctolagus_cuniculus_Thorbecke_inbred	100.000	8	0	0	4	11	32	25	1.8	16.4	ACGGGTCC	ACGGGTCC	73	8
BK064757_TRDD1*01_Oryctolagus_cuniculus_Thorbecke_inbred___462483___462494___+___/content/VDJ-Insights/VDJ-Insights_tutorial_regions/TR/GCF_964237555.1_mOryCun1.1_genomic__MGAM__EPHB6__NC_091434.1__extracted__TRB.fasta___bowtie	IMGT000032_TRBJ1-5*01_Oryctolagus_cuniculus_Thorbecke_inbred	100.000	7	0	0	5	11	29	23	7.2	14.4	CGGGTCC	CGGGTCC	64	7
BK064757_TRDD1*01_Oryctolagus_cuniculus_Thorbecke_inbred___472772___472783___+___/content/VDJ-Insights/VDJ-Insights_tutorial_regions/TR/GCF_964237555.1_mOryCun1.1_genomic__MGAM__EPHB6__NC_091434.1__extracted__TRB.fasta___bowtie	BK064757_TRDD1*01_Oryctolagus_cuniculus_Thorbecke_inbred	100.000	9	0	0	1	9	1	9	0.46	18.3	ACTACGGGT	ACTACGGGT	82	9
BK064757_TRDD1*01_Oryctolagus_cuniculus_Thorbecke_inbred___472772___472783___+___/content/VDJ-Insights/VDJ-Insights_tutorial_regions/TR/GCF_964237555.1_mOryCun1.1_genomic__MGAM__EPHB6__NC_091434.1__extracted__TRB.fasta___bowtie	BK064757_TRAJ47*01_Oryctolagus_cuniculus_Thorbecke_inbred	100.000	8	0	0	1	8	4	11	1.8	16.4	ACTACGGG	ACTACGGG	73	8
BK064757_TRDD1*01_Oryctolagus_cuniculus_Thorbecke_inbred___472772___472783___+___/content/VDJ-Insights/VDJ-Insights_tutorial_regions/TR/GCF_964237555.1_mOryCun1.1_genomic__MGAM__EPHB6__NC_091434.1__extracted__TRB.fasta___bowtie	BK064757_TRAV45-6*01_Oryctolagus_cuniculus_Thorbecke_inbred	100.000	8	0	0	4	11	32	25	1.8	16.4	ACGGGTCC	ACGGGTCC	73	8
BK064757_TRDD1*01_Oryctolagus_cuniculus_Thorbecke_inbred___472772___472783___+___/content/VDJ-Insights/VDJ-Insights_tutorial_regions/TR/GCF_964237555.1_mOryCun1.1_genomic__MGAM__EPHB6__NC_091434.1__extracted__TRB.fasta___bowtie	BK064757_TRAV45-5*01_Oryctolagus_cuniculus_Thorbecke_inbred	100.000	8	0	0	4	11	32	25	1.8	16.4	ACGGGTCC	ACGGGTCC	73	8
BK064757_TRDD1*01_Oryctolagus_cuniculus_Thorbecke_inbred___472772___472783___+___/content/VDJ-Insights/VDJ-Insights_tutorial_regions/TR/GCF_964237555.1_mOryCun1.1_genomic__MGAM__EPHB6__NC_091434.1__extracted__TRB.fasta___bowtie	IMGT000032_TRBJ1-5*01_Oryctolagus_cuniculus_Thorbecke_inbred	100.000	7	0	0	5	11	29	23	7.2	14.4	CGGGTCC	CGGGTCC	64	7
BK064757_TRDD1*01_Oryctolagus_cuniculus_Thorbecke_inbred___563925___563936___+___/content/VDJ-Insights/VDJ-Insights_tutorial_regions/TR/GCF_964237555.1_mOryCun1.1_genomic__MGAM__EPHB6__NC_091434.1__extracted__TRB.fasta___bowtie	BK064757_TRDD1*01_Oryctolagus_cuniculus_Thorbecke_inbred	100.000	9	0	0	1	9	1	9	0.46	18.3	ACTACGGGT	ACTACGGGT	82	9
BK064757_TRDD1*01_Oryctolagus_cuniculus_Thorbecke_inbred___563925___563936___+___/content/VDJ-Insights/VDJ-Insights_tutorial_regions/TR/GCF_964237555.1_mOryCun1.1_genomic__MGAM__EPHB6__NC_091434.1__extracted__TRB.fasta___bowtie	BK064757_TRAJ47*01_Oryctolagus_cuniculus_Thorbecke_inbred	100.000	8	0	0	1	8	4	11	1.8	16.4	ACTACGGG	ACTACGGG	73	8
BK064757_TRDD1*01_Oryctolagus_cuniculus_Thorbecke_inbred___563925___563936___+___/content/VDJ-Insights/VDJ-Insights_tutorial_regions/TR/GCF_964237555.1_mOryCun1.1_genomic__MGAM__EPHB6__NC_091434.1__extracted__TRB.fasta___bowtie	BK064757_TRAV45-6*01_Oryctolagus_cuniculus_Thorbecke_inbred	100.000	8	0	0	4	11	32	25	1.8	16.4	ACGGGTCC	ACGGGTCC	73	8
BK064757_TRDD1*01_Oryctolagus_cuniculus_Thorbecke_inbred___563925___563936___+___/content/VDJ-Insights/VDJ-Insights_tutorial_regions/TR/GCF_964237555.1_mOryCun1.1_genomic__MGAM__EPHB6__NC_091434.1__extracted__TRB.fasta___bowtie	BK064757_TRAV45-5*01_Oryctolagus_cuniculus_Thorbecke_inbred	100.000	8	0	0	4	11	32	25	1.8	16.4	ACGGGTCC	ACGGGTCC	73	8
BK064757_TRDD1*01_Oryctolagus_cuniculus_Thorbecke_inbred___563925___563936___+___/content/VDJ-Insights/VDJ-Insights_tutorial_regions/TR/GCF_964237555.1_mOryCun1.1_genomic__MGAM__EPHB6__NC_091434.1__extracted__TRB.fasta___bowtie	IMGT000032_TRBJ1-5*01_Oryctolagus_cuniculus_Thorbecke_inbred	100.000	7	0	0	5	11	29	23	7.2	14.4	CGGGTCC	CGGGTCC	64	7
BK064757_TRDD1*01_Oryctolagus_cuniculus_Thorbecke_inbred___768541___768552___+___/content/VDJ-Insights/VDJ-Insights_tutorial_regions/TR/GCF_964237555.1_mOryCun1.1_genomic__MGAM__EPHB6__NC_091434.1__extracted__TRB.fasta___bowtie	IMGT000032_TRBV6-9*01_Oryctolagus_cuniculus_Thorbecke_inbred	100.000	10	0	0	2	11	183	192	0.12	20.3	CGACGGGTAC	CGACGGGTAC	91	10
BK064757_TRDD1*01_Oryctolagus_cuniculus_Thorbecke_inbred___768541___768552___+___/content/VDJ-Insights/VDJ-Insights_tutorial_regions/TR/GCF_964237555.1_mOryCun1.1_genomic__MGAM__EPHB6__NC_091434.1__extracted__TRB.fasta___bowtie	IMGT000032_TRBV6-6*01_Oryctolagus_cuniculus_Thorbecke_inbred	100.000	10	0	0	2	11	183	192	0.12	20.3	CGACGGGTAC	CGACGGGTAC	91	10
BK064757_TRDD1*01_Oryctolagus_cuniculus_Thorbecke_inbred___768541___768552___+___/content/VDJ-Insights/VDJ-Insights_tutorial_regions/TR/GCF_964237555.1_mOryCun1.1_genomic__MGAM__EPHB6__NC_091434.1__extracted__TRB.fasta___bowtie	IMGT000032_TRBV6-3*01_Oryctolagus_cuniculus_Thorbecke_inbred	100.000	10	0	0	2	11	183	192	0.12	20.3	CGACGGGTAC	CGACGGGTAC	91	10
BK064757_TRDD1*01_Oryctolagus_cuniculus_Thorbecke_inbred___768541___768552___+___/content/VDJ-Insights/VDJ-Insights_tutorial_regions/TR/GCF_964237555.1_mOryCun1.1_genomic__MGAM__EPHB6__NC_091434.1__extracted__TRB.fasta___bowtie	IMGT000032_TRBV6-13*01_Oryctolagus_cuniculus_Thorbecke_inbred	100.000	10	0	0	2	11	183	192	0.12	20.3	CGACGGGTAC	CGACGGGTAC	91	10
BK064757_TRDD1*01_Oryctolagus_cuniculus_Thorbecke_inbred___768541___768552___+___/content/VDJ-Insights/VDJ-Insights_tutorial_regions/TR/GCF_964237555.1_mOryCun1.1_genomic__MGAM__EPHB6__NC_091434.1__extracted__TRB.fasta___bowtie	IMGT000032_TRBV6-12*01_Oryctolagus_cuniculus_Thorbecke_inbred	100.000	10	0	0	2	11	183	192	0.12	20.3	CGACGGGTAC	CGACGGGTAC	91	10
BK064757_TRDD1*01_Oryctolagus_cuniculus_Thorbecke_inbred___792213___792224___-___/content/VDJ-Insights/VDJ-Insights_tutorial_regions/TR/GCF_964237555.1_mOryCun1.1_genomic__MGAM__EPHB6__NC_091434.1__extracted__TRB.fasta___bowtie	IMGT000032_TRBV2-1*01_Oryctolagus_cuniculus_Thorbecke_inbred	100.000	10	0	0	1	10	105	96	0.12	20.3	GTACCAGTAG	GTACCAGTAG	91	10
BK064757_TRDD1*01_Oryctolagus_cuniculus_Thorbecke_inbred___792213___792224___-___/content/VDJ-Insights/VDJ-Insights_tutorial_regions/TR/GCF_964237555.1_mOryCun1.1_genomic__MGAM__EPHB6__NC_091434.1__extracted__TRB.fasta___bowtie	BK064757_TRDV3*01_Oryctolagus_cuniculus_Thorbecke_inbred	100.000	9	0	0	1	9	111	103	0.46	18.3	GTACCAGTA	GTACCAGTA	82	9
BK064757_TRDD1*01_Oryctolagus_cuniculus_Thorbecke_inbred___792213___792224___-___/content/VDJ-Insights/VDJ-Insights_tutorial_regions/TR/GCF_964237555.1_mOryCun1.1_genomic__MGAM__EPHB6__NC_091434.1__extracted__TRB.fasta___bowtie	BK064757_TRAJ12*01_Oryctolagus_cuniculus_Thorbecke_inbred	100.000	9	0	0	3	11	45	37	0.46	18.3	ACCAGTAGT	ACCAGTAGT	82	9
BK064757_TRDD1*01_Oryctolagus_cuniculus_Thorbecke_inbred___792213___792224___-___/content/VDJ-Insights/VDJ-Insights_tutorial_regions/TR/GCF_964237555.1_mOryCun1.1_genomic__MGAM__EPHB6__NC_091434.1__extracted__TRB.fasta___bowtie	IMGT000032_TRBV7-9*01_Oryctolagus_cuniculus_Thorbecke_inbred	100.000	9	0	0	1	9	105	97	0.46	18.3	GTACCAGTA	GTACCAGTA	82	9
BK064757_TRDD1*01_Oryctolagus_cuniculus_Thorbecke_inbred___792213___792224___-___/content/VDJ-Insights/VDJ-Insights_tutorial_regions/TR/GCF_964237555.1_mOryCun1.1_genomic__MGAM__EPHB6__NC_091434.1__extracted__TRB.fasta___bowtie	IMGT000032_TRBV7-7*01_Oryctolagus_cuniculus_Thorbecke_inbred	100.000	9	0	0	1	9	105	97	0.46	18.3	GTACCAGTA	GTACCAGTA	82	9
IMGT000032_TRBD1*01_Oryctolagus_cuniculus_Thorbecke_inbred___38244___38256___-___/content/VDJ-Insights/VDJ-Insights_tutorial_regions/TR/GCF_964237555.1_mOryCun1.1_genomic__SALL2__DAD1__NC_091443.1__extracted__TRA.fasta___bowtie	IMGT000032_TRBD1*01_Oryctolagus_cuniculus_Thorbecke_inbred	100.000	10	0	0	3	12	10	1	0.16	20.3	CCCCTGTCCC	CCCCTGTCCC	83	10
IMGT000032_TRBD1*01_Oryctolagus_cuniculus_Thorbecke_inbred___38244___38256___-___/content/VDJ-Insights/VDJ-Insights_tutorial_regions/TR/GCF_964237555.1_mOryCun1.1_genomic__SALL2__DAD1__NC_091443.1__extracted__TRA.fasta___bowtie	IMGT000032_TRBV9-2*01_Oryctolagus_cuniculus_Thorbecke_inbred	100.000	9	0	0	1	9	238	246	0.61	18.3	GTCCCCTGT	GTCCCCTGT	75	9
IMGT000032_TRBD1*01_Oryctolagus_cuniculus_Thorbecke_inbred___38244___38256___-___/content/VDJ-Insights/VDJ-Insights_tutorial_regions/TR/GCF_964237555.1_mOryCun1.1_genomic__SALL2__DAD1__NC_091443.1__extracted__TRA.fasta___bowtie	IMGT000032_TRBV26*01_Oryctolagus_cuniculus_Thorbecke_inbred	100.000	9	0	0	4	12	48	40	0.61	18.3	CCCTGTCCC	CCCTGTCCC	75	9
IMGT000032_TRBD1*01_Oryctolagus_cuniculus_Thorbecke_inbred___38244___38256___-___/content/VDJ-Insights/VDJ-Insights_tutorial_regions/TR/GCF_964237555.1_mOryCun1.1_genomic__SALL2__DAD1__NC_091443.1__extracted__TRA.fasta___bowtie	BK064757_TRAJ49*01_Oryctolagus_cuniculus_Thorbecke_inbred	100.000	8	0	0	5	12	36	29	2.4	16.4	CCTGTCCC	CCTGTCCC	67	8
IMGT000032_TRBD1*01_Oryctolagus_cuniculus_Thorbecke_inbred___38244___38256___-___/content/VDJ-Insights/VDJ-Insights_tutorial_regions/TR/GCF_964237555.1_mOryCun1.1_genomic__SALL2__DAD1__NC_091443.1__extracted__TRA.fasta___bowtie	BK064757_TRAJ23*01_Oryctolagus_cuniculus_Thorbecke_inbred	100.000	8	0	0	4	11	40	33	2.4	16.4	CCCTGTCC	CCCTGTCC	67	8
IMGT000032_TRBD1*01_Oryctolagus_cuniculus_Thorbecke_inbred___40102___40114___+___/content/VDJ-Insights/VDJ-Insights_tutorial_regions/TR/GCF_964237555.1_mOryCun1.1_genomic__SALL2__DAD1__NC_091443.1__extracted__TRA.fasta___bowtie	IMGT000032_TRBV26*01_Oryctolagus_cuniculus_Thorbecke_inbred	100.000	10	0	0	1	10	40	49	0.16	20.3	GGGACAGGGA	GGGACAGGGA	83	10
IMGT000032_TRBD1*01_Oryctolagus_cuniculus_Thorbecke_inbred___40102___40114___+___/content/VDJ-Insights/VDJ-Insights_tutorial_regions/TR/GCF_964237555.1_mOryCun1.1_genomic__SALL2__DAD1__NC_091443.1__extracted__TRA.fasta___bowtie	IMGT000032_TRBD1*01_Oryctolagus_cuniculus_Thorbecke_inbred	100.000	9	0	0	1	9	1	9	0.61	18.3	GGGACAGGG	GGGACAGGG	75	9
IMGT000032_TRBD1*01_Oryctolagus_cuniculus_Thorbecke_inbred___40102___40114___+___/content/VDJ-Insights/VDJ-Insights_tutorial_regions/TR/GCF_964237555.1_mOryCun1.1_genomic__SALL2__DAD1__NC_091443.1__extracted__TRA.fasta___bowtie	BK064757_TRAJ23*01_Oryctolagus_cuniculus_Thorbecke_inbred	100.000	9	0	0	2	10	33	41	0.61	18.3	GGACAGGGA	GGACAGGGA	83	9
IMGT000032_TRBD1*01_Oryctolagus_cuniculus_Thorbecke_inbred___40102___40114___+___/content/VDJ-Insights/VDJ-Insights_tutorial_regions/TR/GCF_964237555.1_mOryCun1.1_genomic__SALL2__DAD1__NC_091443.1__extracted__TRA.fasta___bowtie	BK064757_TRAJ23*01_Oryctolagus_cuniculus_Thorbecke_inbred	100.000	7	0	0	5	11	12	18	9.6	14.4	CAGGGAG	CAGGGAG	83	7
IMGT000032_TRBD1*01_Oryctolagus_cuniculus_Thorbecke_inbred___40102___40114___+___/content/VDJ-Insights/VDJ-Insights_tutorial_regions/TR/GCF_964237555.1_mOryCun1.1_genomic__SALL2__DAD1__NC_091443.1__extracted__TRA.fasta___bowtie	BK064757_TRAV12*01_Oryctolagus_cuniculus_Thorbecke_inbred	100.000	9	0	0	4	12	42	50	0.61	18.3	ACAGGGAGC	ACAGGGAGC	75	9
IMGT000032_TRBD1*01_Oryctolagus_cuniculus_Thorbecke_inbred___40102___40114___+___/content/VDJ-Insights/VDJ-Insights_tutorial_regions/TR/GCF_964237555.1_mOryCun1.1_genomic__SALL2__DAD1__NC_091443.1__extracted__TRA.fasta___bowtie	BK064757_TRAV12*01_Oryctolagus_cuniculus_Thorbecke_inbred	100.000	7	0	0	5	11	219	213	9.6	14.4	CAGGGAG	CAGGGAG	75	7
IMGT000032_TRBD1*01_Oryctolagus_cuniculus_Thorbecke_inbred___40102___40114___+___/content/VDJ-Insights/VDJ-Insights_tutorial_regions/TR/GCF_964237555.1_mOryCun1.1_genomic__SALL2__DAD1__NC_091443.1__extracted__TRA.fasta___bowtie	BK064757_TRAJ49*01_Oryctolagus_cuniculus_Thorbecke_inbred	100.000	8	0	0	1	8	29	36	2.4	16.4	GGGACAGG	GGGACAGG	67	8
IMGT000032_TRBD1*01_Oryctolagus_cuniculus_Thorbecke_inbred___76786___76798___+___/content/VDJ-Insights/VDJ-Insights_tutorial_regions/TR/GCF_964237555.1_mOryCun1.1_genomic__SALL2__DAD1__NC_091443.1__extracted__TRA.fasta___bowtie	IMGT000032_TRBV13*01_Oryctolagus_cuniculus_Thorbecke_inbred	100.000	9	0	0	1	9	117	125	0.61	18.3	GGGAGAGGG	GGGAGAGGG	75	9
IMGT000032_TRBD1*01_Oryctolagus_cuniculus_Thorbecke_inbred___76786___76798___+___/content/VDJ-Insights/VDJ-Insights_tutorial_regions/TR/GCF_964237555.1_mOryCun1.1_genomic__SALL2__DAD1__NC_091443.1__extracted__TRA.fasta___bowtie	IMGT000032_TRBV13*01_Oryctolagus_cuniculus_Thorbecke_inbred	100.000	7	0	0	1	7	75	69	9.6	14.4	GGGAGAG	GGGAGAG	75	7
IMGT000032_TRBD1*01_Oryctolagus_cuniculus_Thorbecke_inbred___76786___76798___+___/content/VDJ-Insights/VDJ-Insights_tutorial_regions/TR/GCF_964237555.1_mOryCun1.1_genomic__SALL2__DAD1__NC_091443.1__extracted__TRA.fasta___bowtie	BK064757_TRAV45-7*01_Oryctolagus_cuniculus_Thorbecke_inbred	100.000	9	0	0	4	12	42	50	0.61	18.3	AGAGGGGGC	AGAGGGGGC	75	9
IMGT000032_TRBD1*01_Oryctolagus_cuniculus_Thorbecke_inbred___76786___76798___+___/content/VDJ-Insights/VDJ-Insights_tutorial_regions/TR/GCF_964237555.1_mOryCun1.1_genomic__SALL2__DAD1__NC_091443.1__extracted__TRA.fasta___bowtie	IMGT000032_TRBD1*01_Oryctolagus_cuniculus_Thorbecke_inbred	91.667	12	1	0	1	12	1	12	2.4	16.4	GGGAGAGGGGGC	GGGACAGGGGGC	100	4GC7
IMGT000032_TRBD1*01_Oryctolagus_cuniculus_Thorbecke_inbred___76786___76798___+___/content/VDJ-Insights/VDJ-Insights_tutorial_regions/TR/GCF_964237555.1_mOryCun1.1_genomic__SALL2__DAD1__NC_091443.1__extracted__TRA.fasta___bowtie	BK064757_TRAJ45*01_Oryctolagus_cuniculus_Thorbecke_inbred	100.000	8	0	0	1	8	36	43	2.4	16.4	GGGAGAGG	GGGAGAGG	67	8
IMGT000032_TRBD1*01_Oryctolagus_cuniculus_Thorbecke_inbred___76786___76798___+___/content/VDJ-Insights/VDJ-Insights_tutorial_regions/TR/GCF_964237555.1_mOryCun1.1_genomic__SALL2__DAD1__NC_091443.1__extracted__TRA.fasta___bowtie	IMGT000032_TRBV6-1*01_Oryctolagus_cuniculus_Thorbecke_inbred	100.000	8	0	0	5	12	250	243	2.4	16.4	GAGGGGGC	GAGGGGGC	67	8
S60737_TRBD2*01_Oryctolagus_cuniculus___98515___98530___+___/content/VDJ-Insights/VDJ-Insights_tutorial_regions/TR/GCF_964237555.1_mOryCun1.1_genomic__SALL2__DAD1__NC_091443.1__extracted__TRA.fasta___bowtie	S60737_TRBD2*01_Oryctolagus_cuniculus	100.000	14	0	0	2	15	2	15	0.001	28.2	GGACTGGGGGGGGG	GGACTGGGGGGGGG	93	14
S60737_TRBD2*01_Oryctolagus_cuniculus___98515___98530___+___/content/VDJ-Insights/VDJ-Insights_tutorial_regions/TR/GCF_964237555.1_mOryCun1.1_genomic__SALL2__DAD1__NC_091443.1__extracted__TRA.fasta___bowtie	IMGT000032_TRBV5-10*01_Oryctolagus_cuniculus_Thorbecke_inbred	100.000	10	0	0	3	12	80	71	0.23	20.3	GACTGGGGGG	GACTGGGGGG	67	10
S60737_TRBD2*01_Oryctolagus_cuniculus___98515___98530___+___/content/VDJ-Insights/VDJ-Insights_tutorial_regions/TR/GCF_964237555.1_mOryCun1.1_genomic__SALL2__DAD1__NC_091443.1__extracted__TRA.fasta___bowtie	BK064757_TRAJ38*01_Oryctolagus_cuniculus_Thorbecke_inbred	100.000	9	0	0	2	10	32	40	0.92	18.3	GGACTGGGG	GGACTGGGG	60	9
S60737_TRBD2*01_Oryctolagus_cuniculus___98515___98530___+___/content/VDJ-Insights/VDJ-Insights_tutorial_regions/TR/GCF_964237555.1_mOryCun1.1_genomic__SALL2__DAD1__NC_091443.1__extracted__TRA.fasta___bowtie	IMGT000032_TRBV7-9*01_Oryctolagus_cuniculus_Thorbecke_inbred	100.000	9	0	0	1	9	22	14	0.92	18.3	AGGACTGGG	AGGACTGGG	73	9
S60737_TRBD2*01_Oryctolagus_cuniculus___98515___98530___+___/content/VDJ-Insights/VDJ-Insights_tutorial_regions/TR/GCF_964237555.1_mOryCun1.1_genomic__SALL2__DAD1__NC_091443.1__extracted__TRA.fasta___bowtie	IMGT000032_TRBV7-9*01_Oryctolagus_cuniculus_Thorbecke_inbred	100.000	7	0	0	5	11	209	215	14	14.4	CTGGGGG	CTGGGGG	73	7
S60737_TRBD2*01_Oryctolagus_cuniculus___98515___98530___+___/content/VDJ-Insights/VDJ-Insights_tutorial_regions/TR/GCF_964237555.1_mOryCun1.1_genomic__SALL2__DAD1__NC_091443.1__extracted__TRA.fasta___bowtie	BK064757_TRAJ34*01_Oryctolagus_cuniculus_Thorbecke_inbred	100.000	8	0	0	2	9	29	36	3.6	16.4	GGACTGGG	GGACTGGG	53	8
IMGT000032_TRBD1*01_Oryctolagus_cuniculus_Thorbecke_inbred___107147___107159___-___/content/VDJ-Insights/VDJ-Insights_tutorial_regions/TR/GCF_964237555.1_mOryCun1.1_genomic__SALL2__DAD1__NC_091443.1__extracted__TRA.fasta___bowtie	BK064757_TRAV29*01_Oryctolagus_cuniculus_Thorbecke_inbred	100.000	9	0	0	1	9	122	130	0.61	18.3	GCCCCATGT	GCCCCATGT	75	9
IMGT000032_TRBD1*01_Oryctolagus_cuniculus_Thorbecke_inbred___107147___107159___-___/content/VDJ-Insights/VDJ-Insights_tutorial_regions/TR/GCF_964237555.1_mOryCun1.1_genomic__SALL2__DAD1__NC_091443.1__extracted__TRA.fasta___bowtie	IMGT000032_TRBV28*01_Oryctolagus_cuniculus_Thorbecke_inbred	100.000	8	0	0	4	11	82	75	2.4	16.4	CCATGTCC	CCATGTCC	67	8
IMGT000032_TRBD1*01_Oryctolagus_cuniculus_Thorbecke_inbred___107147___107159___-___/content/VDJ-Insights/VDJ-Insights_tutorial_regions/TR/GCF_964237555.1_mOryCun1.1_genomic__SALL2__DAD1__NC_091443.1__extracted__TRA.fasta___bowtie	IMGT000032_TRBV16*01_Oryctolagus_cuniculus_Thorbecke_inbred	100.000	8	0	0	2	9	207	214	2.4	16.4	CCCCATGT	CCCCATGT	67	8
IMGT000032_TRBD1*01_Oryctolagus_cuniculus_Thorbecke_inbred___107147___107159___-___/content/VDJ-Insights/VDJ-Insights_tutorial_regions/TR/GCF_964237555.1_mOryCun1.1_genomic__SALL2__DAD1__NC_091443.1__extracted__TRA.fasta___bowtie	M14576_TRBV4*02_Oryctolagus_cuniculus	100.000	7	0	0	6	12	87	81	9.6	14.4	ATGTCCC	ATGTCCC	58	7
IMGT000032_TRBD1*01_Oryctolagus_cuniculus_Thorbecke_inbred___107147___107159___-___/content/VDJ-Insights/VDJ-Insights_tutorial_regions/TR/GCF_964237555.1_mOryCun1.1_genomic__SALL2__DAD1__NC_091443.1__extracted__TRA.fasta___bowtie	IMGT000032_TRBV4*01_Oryctolagus_cuniculus_Thorbecke_inbred	100.000	7	0	0	6	12	87	81	9.6	14.4	ATGTCCC	ATGTCCC	58	7
BK064757_TRDD2*01_Oryctolagus_cuniculus_Thorbecke_inbred___146050___146067___-___/content/VDJ-Insights/VDJ-Insights_tutorial_regions/TR/GCF_964237555.1_mOryCun1.1_genomic__SALL2__DAD1__NC_091443.1__extracted__TRA.fasta___bowtie	BK064757_TRDD2*01_Oryctolagus_cuniculus_Thorbecke_inbred	100.000	17	0	0	1	17	17	1	2.06e-05	34.2	AGTATCCCACCAATCAC	AGTATCCCACCAATCAC	100	17
BK064757_TRDD2*01_Oryctolagus_cuniculus_Thorbecke_inbred___146050___146067___-___/content/VDJ-Insights/VDJ-Insights_tutorial_regions/TR/GCF_964237555.1_mOryCun1.1_genomic__SALL2__DAD1__NC_091443.1__extracted__TRA.fasta___bowtie	BK064757_TRAJ36*01_Oryctolagus_cuniculus_Thorbecke_inbred	100.000	7	0	0	3	9	15	9	19	14.4	TATCCCA	TATCCCA	41	7
BK064757_TRDD2*01_Oryctolagus_cuniculus_Thorbecke_inbred___146050___146067___-___/content/VDJ-Insights/VDJ-Insights_tutorial_regions/TR/GCF_964237555.1_mOryCun1.1_genomic__SALL2__DAD1__NC_091443.1__extracted__TRA.fasta___bowtie	BK064757_TRAJ35*01_Oryctolagus_cuniculus_Thorbecke_inbred	100.000	7	0	0	11	17	54	48	19	14.4	CAATCAC	CAATCAC	41	7
BK064757_TRDD2*01_Oryctolagus_cuniculus_Thorbecke_inbred___146050___146067___-___/content/VDJ-Insights/VDJ-Insights_tutorial_regions/TR/GCF_964237555.1_mOryCun1.1_genomic__SALL2__DAD1__NC_091443.1__extracted__TRA.fasta___bowtie	BK064757_TRAJ29*01_Oryctolagus_cuniculus_Thorbecke_inbred	100.000	7	0	0	11	17	57	51	19	14.4	CAATCAC	CAATCAC	41	7
BK064757_TRDD2*01_Oryctolagus_cuniculus_Thorbecke_inbred___146050___146067___-___/content/VDJ-Insights/VDJ-Insights_tutorial_regions/TR/GCF_964237555.1_mOryCun1.1_genomic__SALL2__DAD1__NC_091443.1__extracted__TRA.fasta___bowtie	IMGT000030_TRGV3*01_Oryctolagus_cuniculus_Thorbecke_inbred	100.000	7	0	0	5	11	190	184	19	14.4	TCCCACC	TCCCACC	41	7
BK064757_TRDD1*01_Oryctolagus_cuniculus_Thorbecke_inbred___161047___161058___-___/content/VDJ-Insights/VDJ-Insights_tutorial_regions/TR/GCF_964237555.1_mOryCun1.1_genomic__SALL2__DAD1__NC_091443.1__extracted__TRA.fasta___bowtie	BK064757_TRDD1*01_Oryctolagus_cuniculus_Thorbecke_inbred	100.000	11	0	0	1	11	11	1	0.030	22.3	GTACCCGTAGT	GTACCCGTAGT	100	11
BK064757_TRDD1*01_Oryctolagus_cuniculus_Thorbecke_inbred___161047___161058___-___/content/VDJ-Insights/VDJ-Insights_tutorial_regions/TR/GCF_964237555.1_mOryCun1.1_genomic__SALL2__DAD1__NC_091443.1__extracted__TRA.fasta___bowtie	BK064757_TRAJ47*01_Oryctolagus_cuniculus_Thorbecke_inbred	100.000	8	0	0	4	11	11	4	1.8	16.4	CCCGTAGT	CCCGTAGT	73	8
BK064757_TRDD1*01_Oryctolagus_cuniculus_Thorbecke_inbred___161047___161058___-___/content/VDJ-Insights/VDJ-Insights_tutorial_regions/TR/GCF_964237555.1_mOryCun1.1_genomic__SALL2__DAD1__NC_091443.1__extracted__TRA.fasta___bowtie	AY748329_TRGV1-1*03_Oryctolagus_cuniculus_New_Zealand	100.000	8	0	0	1	8	158	165	1.8	16.4	GTACCCGT	GTACCCGT	73	8
BK064757_TRDD1*01_Oryctolagus_cuniculus_Thorbecke_inbred___161047___161058___-___/content/VDJ-Insights/VDJ-Insights_tutorial_regions/TR/GCF_964237555.1_mOryCun1.1_genomic__SALL2__DAD1__NC_091443.1__extracted__TRA.fasta___bowtie	AY748328_TRGV1-1*02_Oryctolagus_cuniculus_New_Zealand	100.000	8	0	0	1	8	158	165	1.8	16.4	GTACCCGT	GTACCCGT	73	8
BK064757_TRDD1*01_Oryctolagus_cuniculus_Thorbecke_inbred___161047___161058___-___/content/VDJ-Insights/VDJ-Insights_tutorial_regions/TR/GCF_964237555.1_mOryCun1.1_genomic__SALL2__DAD1__NC_091443.1__extracted__TRA.fasta___bowtie	IMGT000030_TRGV1-1*01_Oryctolagus_cuniculus_Thorbecke_inbred	100.000	8	0	0	1	8	158	165	1.8	16.4	GTACCCGT	GTACCCGT	73	8
IMGT000032_TRBD1*01_Oryctolagus_cuniculus_Thorbecke_inbred___493688___493700___+___/content/VDJ-Insights/VDJ-Insights_tutorial_regions/TR/GCF_964237555.1_mOryCun1.1_genomic__SALL2__DAD1__NC_091443.1__extracted__TRA.fasta___bowtie	IMGT000032_TRBD1*01_Oryctolagus_cuniculus_Thorbecke_inbred	100.000	10	0	0	3	12	3	12	0.16	20.3	GACAGGGGGC	GACAGGGGGC	83	10
IMGT000032_TRBD1*01_Oryctolagus_cuniculus_Thorbecke_inbred___493688___493700___+___/content/VDJ-Insights/VDJ-Insights_tutorial_regions/TR/GCF_964237555.1_mOryCun1.1_genomic__SALL2__DAD1__NC_091443.1__extracted__TRA.fasta___bowtie	IMGT000032_TRBJ1-6*01_Oryctolagus_cuniculus_Thorbecke_inbred	100.000	7	0	0	1	7	42	48	9.6	14.4	GTGACAG	GTGACAG	58	7
IMGT000032_TRBD1*01_Oryctolagus_cuniculus_Thorbecke_inbred___493688___493700___+___/content/VDJ-Insights/VDJ-Insights_tutorial_regions/TR/GCF_964237555.1_mOryCun1.1_genomic__SALL2__DAD1__NC_091443.1__extracted__TRA.fasta___bowtie	BK064757_TRDV4*01_Oryctolagus_cuniculus_Thorbecke_inbred	100.000	7	0	0	2	8	249	255	9.6	14.4	TGACAGG	TGACAGG	58	7
IMGT000032_TRBD1*01_Oryctolagus_cuniculus_Thorbecke_inbred___493688___493700___+___/content/VDJ-Insights/VDJ-Insights_tutorial_regions/TR/GCF_964237555.1_mOryCun1.1_genomic__SALL2__DAD1__NC_091443.1__extracted__TRA.fasta___bowtie	BK064757_TRAJ51*01_Oryctolagus_cuniculus_Thorbecke_inbred	100.000	7	0	0	1	7	7	13	9.6	14.4	GTGACAG	GTGACAG	58	7
IMGT000032_TRBD1*01_Oryctolagus_cuniculus_Thorbecke_inbred___493688___493700___+___/content/VDJ-Insights/VDJ-Insights_tutorial_regions/TR/GCF_964237555.1_mOryCun1.1_genomic__SALL2__DAD1__NC_091443.1__extracted__TRA.fasta___bowtie	BK064757_TRAJ23*01_Oryctolagus_cuniculus_Thorbecke_inbred	100.000	7	0	0	3	9	34	40	9.6	14.4	GACAGGG	GACAGGG	58	7
S60737_TRBD2*01_Oryctolagus_cuniculus___823924___823939___-___/content/VDJ-Insights/VDJ-Insights_tutorial_regions/TR/GCF_964237555.1_mOryCun1.1_genomic__SALL2__DAD1__NC_091443.1__extracted__TRA.fasta___bowtie	S60737_TRBD2*01_Oryctolagus_cuniculus	93.333	15	1	0	1	15	15	1	0.059	22.3	CCCCCCCCCACTCCC	CCCCCCCCCAGTCCC	100	10CG4
S60737_TRBD2*01_Oryctolagus_cuniculus___823924___823939___-___/content/VDJ-Insights/VDJ-Insights_tutorial_regions/TR/GCF_964237555.1_mOryCun1.1_genomic__SALL2__DAD1__NC_091443.1__extracted__TRA.fasta___bowtie	IMGT000032_TRBV15*01_Oryctolagus_cuniculus_Thorbecke_inbred	100.000	9	0	0	7	15	205	213	0.92	18.3	CCCACTCCC	CCCACTCCC	60	9
S60737_TRBD2*01_Oryctolagus_cuniculus___823924___823939___-___/content/VDJ-Insights/VDJ-Insights_tutorial_regions/TR/GCF_964237555.1_mOryCun1.1_genomic__SALL2__DAD1__NC_091443.1__extracted__TRA.fasta___bowtie	BK064757_TRAV35*01_Oryctolagus_cuniculus_Thorbecke_inbred	100.000	9	0	0	7	15	147	139	0.92	18.3	CCCACTCCC	CCCACTCCC	60	9
S60737_TRBD2*01_Oryctolagus_cuniculus___823924___823939___-___/content/VDJ-Insights/VDJ-Insights_tutorial_regions/TR/GCF_964237555.1_mOryCun1.1_genomic__SALL2__DAD1__NC_091443.1__extracted__TRA.fasta___bowtie	BK064757_TRAV35*01_Oryctolagus_cuniculus_Thorbecke_inbred	100.000	7	0	0	8	14	247	241	14	14.4	CCACTCC	CCACTCC	60	7
S60737_TRBD2*01_Oryctolagus_cuniculus___823924___823939___-___/content/VDJ-Insights/VDJ-Insights_tutorial_regions/TR/GCF_964237555.1_mOryCun1.1_genomic__SALL2__DAD1__NC_091443.1__extracted__TRA.fasta___bowtie	BK064757_TRAJ5*01_Oryctolagus_cuniculus_Thorbecke_inbred	100.000	8	0	0	8	15	36	29	3.6	16.4	CCACTCCC	CCACTCCC	60	8
S60737_TRBD2*01_Oryctolagus_cuniculus___823924___823939___-___/content/VDJ-Insights/VDJ-Insights_tutorial_regions/TR/GCF_964237555.1_mOryCun1.1_genomic__SALL2__DAD1__NC_091443.1__extracted__TRA.fasta___bowtie	BK064757_TRAJ5*01_Oryctolagus_cuniculus_Thorbecke_inbred	100.000	7	0	0	7	13	20	26	14	14.4	CCCACTC	CCCACTC	60	7
S60737_TRBD2*01_Oryctolagus_cuniculus___823924___823939___-___/content/VDJ-Insights/VDJ-Insights_tutorial_regions/TR/GCF_964237555.1_mOryCun1.1_genomic__SALL2__DAD1__NC_091443.1__extracted__TRA.fasta___bowtie	IMGT000032_TRBJ1-6*01_Oryctolagus_cuniculus_Thorbecke_inbred	100.000	7	0	0	8	14	9	15	14	14.4	CCACTCC	CCACTCC	47	7
