BK064757_TRDD1*01_Oryctolagus_cuniculus_Thorbecke_inbred___4910___4921___+___/content/VDJ-Insights/VDJ-Insights_tutorial_regions/TR/GCA_047496845.1_LepYark_1.0_genomic__MGAM__EPHB6__CM105080.1__extracted__TRB.fasta___bowtie	IMGT000032_TRBV7-7*01_Oryctolagus_cuniculus_Thorbecke_inbred	100.000	7	0	0	4	10	96	90	7.2	14.4	AAGGGTA	AAGGGTA	64	7
BK064757_TRDD1*01_Oryctolagus_cuniculus_Thorbecke_inbred___4910___4921___+___/content/VDJ-Insights/VDJ-Insights_tutorial_regions/TR/GCA_047496845.1_LepYark_1.0_genomic__MGAM__EPHB6__CM105080.1__extracted__TRB.fasta___bowtie	IMGT000032_TRBV7-5*01_Oryctolagus_cuniculus_Thorbecke_inbred	100.000	7	0	0	4	10	96	90	7.2	14.4	AAGGGTA	AAGGGTA	64	7
BK064757_TRDD1*01_Oryctolagus_cuniculus_Thorbecke_inbred___4910___4921___+___/content/VDJ-Insights/VDJ-Insights_tutorial_regions/TR/GCA_047496845.1_LepYark_1.0_genomic__MGAM__EPHB6__CM105080.1__extracted__TRB.fasta___bowtie	IMGT000032_TRBV7-2*01_Oryctolagus_cuniculus_Thorbecke_inbred	100.000	7	0	0	4	10	96	90	7.2	14.4	AAGGGTA	AAGGGTA	64	7
BK064757_TRDD1*01_Oryctolagus_cuniculus_Thorbecke_inbred___4910___4921___+___/content/VDJ-Insights/VDJ-Insights_tutorial_regions/TR/GCA_047496845.1_LepYark_1.0_genomic__MGAM__EPHB6__CM105080.1__extracted__TRB.fasta___bowtie	IMGT000032_TRBV7-12*01_Oryctolagus_cuniculus_Thorbecke_inbred	100.000	7	0	0	4	10	96	90	7.2	14.4	AAGGGTA	AAGGGTA	64	7
BK064757_TRDD1*01_Oryctolagus_cuniculus_Thorbecke_inbred___4910___4921___+___/content/VDJ-Insights/VDJ-Insights_tutorial_regions/TR/GCA_047496845.1_LepYark_1.0_genomic__MGAM__EPHB6__CM105080.1__extracted__TRB.fasta___bowtie	BK064757_TRAV9-3*01_Oryctolagus_cuniculus_Thorbecke_inbred	100.000	7	0	0	5	11	93	87	7.2	14.4	AGGGTAC	AGGGTAC	64	7
BK064757_TRDD1*01_Oryctolagus_cuniculus_Thorbecke_inbred___110375___110386___+___/content/VDJ-Insights/VDJ-Insights_tutorial_regions/TR/GCA_047496845.1_LepYark_1.0_genomic__MGAM__EPHB6__CM105080.1__extracted__TRB.fasta___bowtie	IMGT000032_TRBV2-1*01_Oryctolagus_cuniculus_Thorbecke_inbred	100.000	10	0	0	2	11	96	105	0.12	20.3	CTACTGGTAC	CTACTGGTAC	91	10
BK064757_TRDD1*01_Oryctolagus_cuniculus_Thorbecke_inbred___110375___110386___+___/content/VDJ-Insights/VDJ-Insights_tutorial_regions/TR/GCA_047496845.1_LepYark_1.0_genomic__MGAM__EPHB6__CM105080.1__extracted__TRB.fasta___bowtie	BK064757_TRDV3*01_Oryctolagus_cuniculus_Thorbecke_inbred	100.000	9	0	0	3	11	103	111	0.46	18.3	TACTGGTAC	TACTGGTAC	82	9
BK064757_TRDD1*01_Oryctolagus_cuniculus_Thorbecke_inbred___110375___110386___+___/content/VDJ-Insights/VDJ-Insights_tutorial_regions/TR/GCA_047496845.1_LepYark_1.0_genomic__MGAM__EPHB6__CM105080.1__extracted__TRB.fasta___bowtie	BK064757_TRAJ12*01_Oryctolagus_cuniculus_Thorbecke_inbred	100.000	9	0	0	1	9	37	45	0.46	18.3	ACTACTGGT	ACTACTGGT	82	9
BK064757_TRDD1*01_Oryctolagus_cuniculus_Thorbecke_inbred___110375___110386___+___/content/VDJ-Insights/VDJ-Insights_tutorial_regions/TR/GCA_047496845.1_LepYark_1.0_genomic__MGAM__EPHB6__CM105080.1__extracted__TRB.fasta___bowtie	IMGT000032_TRBV7-9*01_Oryctolagus_cuniculus_Thorbecke_inbred	100.000	9	0	0	3	11	97	105	0.46	18.3	TACTGGTAC	TACTGGTAC	82	9
BK064757_TRDD1*01_Oryctolagus_cuniculus_Thorbecke_inbred___110375___110386___+___/content/VDJ-Insights/VDJ-Insights_tutorial_regions/TR/GCA_047496845.1_LepYark_1.0_genomic__MGAM__EPHB6__CM105080.1__extracted__TRB.fasta___bowtie	IMGT000032_TRBV7-7*01_Oryctolagus_cuniculus_Thorbecke_inbred	100.000	9	0	0	3	11	97	105	0.46	18.3	TACTGGTAC	TACTGGTAC	82	9
IMGT000032_TRBD1*01_Oryctolagus_cuniculus_Thorbecke_inbred___457076___457088___+___/content/VDJ-Insights/VDJ-Insights_tutorial_regions/TR/GCA_047496845.1_LepYark_1.0_genomic__MGAM__EPHB6__CM105080.1__extracted__TRB.fasta___bowtie	IMGT000032_TRBD1*01_Oryctolagus_cuniculus_Thorbecke_inbred	100.000	12	0	0	1	12	1	12	0.010	24.3	GGGACAGGGGGC	GGGACAGGGGGC	100	12
IMGT000032_TRBD1*01_Oryctolagus_cuniculus_Thorbecke_inbred___457076___457088___+___/content/VDJ-Insights/VDJ-Insights_tutorial_regions/TR/GCA_047496845.1_LepYark_1.0_genomic__MGAM__EPHB6__CM105080.1__extracted__TRB.fasta___bowtie	IMGT000032_TRBV26*01_Oryctolagus_cuniculus_Thorbecke_inbred	100.000	9	0	0	1	9	40	48	0.61	18.3	GGGACAGGG	GGGACAGGG	92	9
IMGT000032_TRBD1*01_Oryctolagus_cuniculus_Thorbecke_inbred___457076___457088___+___/content/VDJ-Insights/VDJ-Insights_tutorial_regions/TR/GCA_047496845.1_LepYark_1.0_genomic__MGAM__EPHB6__CM105080.1__extracted__TRB.fasta___bowtie	IMGT000032_TRBV26*01_Oryctolagus_cuniculus_Thorbecke_inbred	100.000	7	0	0	5	11	228	222	9.6	14.4	CAGGGGG	CAGGGGG	92	7
IMGT000032_TRBD1*01_Oryctolagus_cuniculus_Thorbecke_inbred___457076___457088___+___/content/VDJ-Insights/VDJ-Insights_tutorial_regions/TR/GCA_047496845.1_LepYark_1.0_genomic__MGAM__EPHB6__CM105080.1__extracted__TRB.fasta___bowtie	BK064757_TRAJ49*01_Oryctolagus_cuniculus_Thorbecke_inbred	100.000	8	0	0	1	8	29	36	2.4	16.4	GGGACAGG	GGGACAGG	67	8
IMGT000032_TRBD1*01_Oryctolagus_cuniculus_Thorbecke_inbred___457076___457088___+___/content/VDJ-Insights/VDJ-Insights_tutorial_regions/TR/GCA_047496845.1_LepYark_1.0_genomic__MGAM__EPHB6__CM105080.1__extracted__TRB.fasta___bowtie	BK064757_TRAJ23*01_Oryctolagus_cuniculus_Thorbecke_inbred	100.000	8	0	0	2	9	33	40	2.4	16.4	GGACAGGG	GGACAGGG	67	8
IMGT000032_TRBD1*01_Oryctolagus_cuniculus_Thorbecke_inbred___457076___457088___+___/content/VDJ-Insights/VDJ-Insights_tutorial_regions/TR/GCA_047496845.1_LepYark_1.0_genomic__MGAM__EPHB6__CM105080.1__extracted__TRB.fasta___bowtie	IMGT000032_TRBV7-4*01_Oryctolagus_cuniculus_Thorbecke_inbred	100.000	8	0	0	2	9	26	33	2.4	16.4	GGACAGGG	GGACAGGG	75	8
IMGT000032_TRBD1*01_Oryctolagus_cuniculus_Thorbecke_inbred___457076___457088___+___/content/VDJ-Insights/VDJ-Insights_tutorial_regions/TR/GCA_047496845.1_LepYark_1.0_genomic__MGAM__EPHB6__CM105080.1__extracted__TRB.fasta___bowtie	IMGT000032_TRBV7-4*01_Oryctolagus_cuniculus_Thorbecke_inbred	100.000	7	0	0	1	7	45	51	9.6	14.4	GGGACAG	GGGACAG	75	7
IMGT000032_TRBD1*01_Oryctolagus_cuniculus_Thorbecke_inbred___457401___457413___+___/content/VDJ-Insights/VDJ-Insights_tutorial_regions/TR/GCA_047496845.1_LepYark_1.0_genomic__MGAM__EPHB6__CM105080.1__extracted__TRB.fasta___bowtie	IMGT000032_TRBD1*01_Oryctolagus_cuniculus_Thorbecke_inbred	100.000	12	0	0	1	12	1	12	0.010	24.3	GGGACAGGGGGC	GGGACAGGGGGC	100	12
IMGT000032_TRBD1*01_Oryctolagus_cuniculus_Thorbecke_inbred___457401___457413___+___/content/VDJ-Insights/VDJ-Insights_tutorial_regions/TR/GCA_047496845.1_LepYark_1.0_genomic__MGAM__EPHB6__CM105080.1__extracted__TRB.fasta___bowtie	IMGT000032_TRBV26*01_Oryctolagus_cuniculus_Thorbecke_inbred	100.000	9	0	0	1	9	40	48	0.61	18.3	GGGACAGGG	GGGACAGGG	92	9
IMGT000032_TRBD1*01_Oryctolagus_cuniculus_Thorbecke_inbred___457401___457413___+___/content/VDJ-Insights/VDJ-Insights_tutorial_regions/TR/GCA_047496845.1_LepYark_1.0_genomic__MGAM__EPHB6__CM105080.1__extracted__TRB.fasta___bowtie	IMGT000032_TRBV26*01_Oryctolagus_cuniculus_Thorbecke_inbred	100.000	7	0	0	5	11	228	222	9.6	14.4	CAGGGGG	CAGGGGG	92	7
IMGT000032_TRBD1*01_Oryctolagus_cuniculus_Thorbecke_inbred___457401___457413___+___/content/VDJ-Insights/VDJ-Insights_tutorial_regions/TR/GCA_047496845.1_LepYark_1.0_genomic__MGAM__EPHB6__CM105080.1__extracted__TRB.fasta___bowtie	BK064757_TRAJ49*01_Oryctolagus_cuniculus_Thorbecke_inbred	100.000	8	0	0	1	8	29	36	2.4	16.4	GGGACAGG	GGGACAGG	67	8
IMGT000032_TRBD1*01_Oryctolagus_cuniculus_Thorbecke_inbred___457401___457413___+___/content/VDJ-Insights/VDJ-Insights_tutorial_regions/TR/GCA_047496845.1_LepYark_1.0_genomic__MGAM__EPHB6__CM105080.1__extracted__TRB.fasta___bowtie	BK064757_TRAJ23*01_Oryctolagus_cuniculus_Thorbecke_inbred	100.000	8	0	0	2	9	33	40	2.4	16.4	GGACAGGG	GGACAGGG	67	8
IMGT000032_TRBD1*01_Oryctolagus_cuniculus_Thorbecke_inbred___457401___457413___+___/content/VDJ-Insights/VDJ-Insights_tutorial_regions/TR/GCA_047496845.1_LepYark_1.0_genomic__MGAM__EPHB6__CM105080.1__extracted__TRB.fasta___bowtie	IMGT000032_TRBV7-4*01_Oryctolagus_cuniculus_Thorbecke_inbred	100.000	8	0	0	2	9	26	33	2.4	16.4	GGACAGGG	GGACAGGG	75	8
IMGT000032_TRBD1*01_Oryctolagus_cuniculus_Thorbecke_inbred___457401___457413___+___/content/VDJ-Insights/VDJ-Insights_tutorial_regions/TR/GCA_047496845.1_LepYark_1.0_genomic__MGAM__EPHB6__CM105080.1__extracted__TRB.fasta___bowtie	IMGT000032_TRBV7-4*01_Oryctolagus_cuniculus_Thorbecke_inbred	100.000	7	0	0	1	7	45	51	9.6	14.4	GGGACAG	GGGACAG	75	7
IMGT000032_TRBJ1-1*01_Oryctolagus_cuniculus_Thorbecke_inbred___458064___458112___+___/content/VDJ-Insights/VDJ-Insights_tutorial_regions/TR/GCA_047496845.1_LepYark_1.0_genomic__MGAM__EPHB6__CM105080.1__extracted__TRB.fasta___bowtie	IMGT000032_TRBJ1-1*01_Oryctolagus_cuniculus_Thorbecke_inbred	97.727	44	1	0	1	44	1	44	1.83e-18	79.8	TCAACACTGAACTTTTCTTTGGAGGAGGCACCAGACTCACAGTT	TCAACACTGAACTTTTCTTTGGAGAAGGCACCAGACTCACAGTT	92	24GA19
IMGT000032_TRBJ1-1*01_Oryctolagus_cuniculus_Thorbecke_inbred___458064___458112___+___/content/VDJ-Insights/VDJ-Insights_tutorial_regions/TR/GCA_047496845.1_LepYark_1.0_genomic__MGAM__EPHB6__CM105080.1__extracted__TRB.fasta___bowtie	BK064757_TRAJ43*01_Oryctolagus_cuniculus_Thorbecke_inbred	90.476	21	2	0	17	37	23	43	0.024	26.3	CTTTGGAGGAGGCACCAGACT	CTTTGGAGCAGGGACCAGACT	44	8GC3CG8
IMGT000032_TRBJ1-1*01_Oryctolagus_cuniculus_Thorbecke_inbred___458064___458112___+___/content/VDJ-Insights/VDJ-Insights_tutorial_regions/TR/GCA_047496845.1_LepYark_1.0_genomic__MGAM__EPHB6__CM105080.1__extracted__TRB.fasta___bowtie	IMGT000032_TRBJ1-6*01_Oryctolagus_cuniculus_Thorbecke_inbred	87.500	24	3	0	17	40	17	40	0.094	24.3	CTTTGGAGGAGGCACCAGACTCAC	CTTTGGAGTCGGCACCAGGCTCAC	50	8GTAC8AG5
IMGT000032_TRBJ1-1*01_Oryctolagus_cuniculus_Thorbecke_inbred___458064___458112___+___/content/VDJ-Insights/VDJ-Insights_tutorial_regions/TR/GCA_047496845.1_LepYark_1.0_genomic__MGAM__EPHB6__CM105080.1__extracted__TRB.fasta___bowtie	BK064757_TRAV41*01_Oryctolagus_cuniculus_Thorbecke_inbred	100.000	11	0	0	20	30	117	127	0.37	22.3	TGGAGGAGGCA	TGGAGGAGGCA	38	11
IMGT000032_TRBJ1-1*01_Oryctolagus_cuniculus_Thorbecke_inbred___458064___458112___+___/content/VDJ-Insights/VDJ-Insights_tutorial_regions/TR/GCA_047496845.1_LepYark_1.0_genomic__MGAM__EPHB6__CM105080.1__extracted__TRB.fasta___bowtie	BK064757_TRAV41*01_Oryctolagus_cuniculus_Thorbecke_inbred	100.000	7	0	0	32	38	109	115	90	14.4	CAGACTC	CAGACTC	38	7
IMGT000032_TRBJ1-1*01_Oryctolagus_cuniculus_Thorbecke_inbred___458064___458112___+___/content/VDJ-Insights/VDJ-Insights_tutorial_regions/TR/GCA_047496845.1_LepYark_1.0_genomic__MGAM__EPHB6__CM105080.1__extracted__TRB.fasta___bowtie	S60737_TRBJ2-6*01_Oryctolagus_cuniculus	92.857	14	1	0	27	40	26	39	1.5	20.3	GGCACCAGACTCAC	GGCACCAAACTCAC	29	7GA6
IMGT000032_TRBJ1-2*01_Oryctolagus_cuniculus_Thorbecke_inbred___458199___458247___+___/content/VDJ-Insights/VDJ-Insights_tutorial_regions/TR/GCA_047496845.1_LepYark_1.0_genomic__MGAM__EPHB6__CM105080.1__extracted__TRB.fasta___bowtie	IMGT000032_TRBJ1-2*01_Oryctolagus_cuniculus_Thorbecke_inbred	100.000	48	0	0	1	48	1	48	3.08e-23	95.6	CCAACTATGACTACACCTTCGGCTCAGGGACGAGGCTGACGGTTGTAG	CCAACTATGACTACACCTTCGGCTCAGGGACGAGGCTGACGGTTGTAG	100	48
IMGT000032_TRBJ1-2*01_Oryctolagus_cuniculus_Thorbecke_inbred___458199___458247___+___/content/VDJ-Insights/VDJ-Insights_tutorial_regions/TR/GCA_047496845.1_LepYark_1.0_genomic__MGAM__EPHB6__CM105080.1__extracted__TRB.fasta___bowtie	IMGT000032_TRBV6-9*01_Oryctolagus_cuniculus_Thorbecke_inbred	100.000	13	0	0	3	15	82	94	0.024	26.3	AACTATGACTACA	AACTATGACTACA	42	13
IMGT000032_TRBJ1-2*01_Oryctolagus_cuniculus_Thorbecke_inbred___458199___458247___+___/content/VDJ-Insights/VDJ-Insights_tutorial_regions/TR/GCA_047496845.1_LepYark_1.0_genomic__MGAM__EPHB6__CM105080.1__extracted__TRB.fasta___bowtie	IMGT000032_TRBV6-9*01_Oryctolagus_cuniculus_Thorbecke_inbred	100.000	7	0	0	23	29	168	162	90	14.4	CTCAGGG	CTCAGGG	42	7
IMGT000032_TRBJ1-2*01_Oryctolagus_cuniculus_Thorbecke_inbred___458199___458247___+___/content/VDJ-Insights/VDJ-Insights_tutorial_regions/TR/GCA_047496845.1_LepYark_1.0_genomic__MGAM__EPHB6__CM105080.1__extracted__TRB.fasta___bowtie	IMGT000032_TRBV6-7*01_Oryctolagus_cuniculus_Thorbecke_inbred	100.000	13	0	0	3	15	82	94	0.024	26.3	AACTATGACTACA	AACTATGACTACA	44	13
IMGT000032_TRBJ1-2*01_Oryctolagus_cuniculus_Thorbecke_inbred___458199___458247___+___/content/VDJ-Insights/VDJ-Insights_tutorial_regions/TR/GCA_047496845.1_LepYark_1.0_genomic__MGAM__EPHB6__CM105080.1__extracted__TRB.fasta___bowtie	IMGT000032_TRBV6-7*01_Oryctolagus_cuniculus_Thorbecke_inbred	100.000	8	0	0	35	42	242	235	23	16.4	GCTGACGG	GCTGACGG	44	8
IMGT000032_TRBJ1-2*01_Oryctolagus_cuniculus_Thorbecke_inbred___458199___458247___+___/content/VDJ-Insights/VDJ-Insights_tutorial_regions/TR/GCA_047496845.1_LepYark_1.0_genomic__MGAM__EPHB6__CM105080.1__extracted__TRB.fasta___bowtie	IMGT000032_TRBV6-5*01_Oryctolagus_cuniculus_Thorbecke_inbred	100.000	13	0	0	3	15	82	94	0.024	26.3	AACTATGACTACA	AACTATGACTACA	27	13
IMGT000032_TRBJ1-2*01_Oryctolagus_cuniculus_Thorbecke_inbred___458199___458247___+___/content/VDJ-Insights/VDJ-Insights_tutorial_regions/TR/GCA_047496845.1_LepYark_1.0_genomic__MGAM__EPHB6__CM105080.1__extracted__TRB.fasta___bowtie	IMGT000032_TRBV6-3*01_Oryctolagus_cuniculus_Thorbecke_inbred	100.000	13	0	0	3	15	82	94	0.024	26.3	AACTATGACTACA	AACTATGACTACA	27	13
IMGT000032_TRBJ1-3*01_Oryctolagus_cuniculus_Thorbecke_inbred___458731___458781___+___/content/VDJ-Insights/VDJ-Insights_tutorial_regions/TR/GCA_047496845.1_LepYark_1.0_genomic__MGAM__EPHB6__CM105080.1__extracted__TRB.fasta___bowtie	IMGT000032_TRBJ1-3*01_Oryctolagus_cuniculus_Thorbecke_inbred	98.000	50	1	0	1	50	1	50	5.06e-22	91.7	TTCTGGAAACACCGTCTATTTCGGGGAGGGAAGCCGGCTCACTGTTGTAG	TTCTGGAAACACCGTCTATTTCGGGGAGGGAAGCCAGCTCACTGTTGTAG	100	35GA14
IMGT000032_TRBJ1-3*01_Oryctolagus_cuniculus_Thorbecke_inbred___458731___458781___+___/content/VDJ-Insights/VDJ-Insights_tutorial_regions/TR/GCA_047496845.1_LepYark_1.0_genomic__MGAM__EPHB6__CM105080.1__extracted__TRB.fasta___bowtie	BK064757_TRDV5*01_Oryctolagus_cuniculus_Thorbecke_inbred	100.000	11	0	0	12	22	260	270	0.39	22.3	CCGTCTATTTC	CCGTCTATTTC	22	11
IMGT000032_TRBJ1-3*01_Oryctolagus_cuniculus_Thorbecke_inbred___458731___458781___+___/content/VDJ-Insights/VDJ-Insights_tutorial_regions/TR/GCA_047496845.1_LepYark_1.0_genomic__MGAM__EPHB6__CM105080.1__extracted__TRB.fasta___bowtie	BK064757_TRAV13-4*01_Oryctolagus_cuniculus_Thorbecke_inbred	100.000	11	0	0	36	46	182	192	0.39	22.3	GGCTCACTGTT	GGCTCACTGTT	38	11
IMGT000032_TRBJ1-3*01_Oryctolagus_cuniculus_Thorbecke_inbred___458731___458781___+___/content/VDJ-Insights/VDJ-Insights_tutorial_regions/TR/GCA_047496845.1_LepYark_1.0_genomic__MGAM__EPHB6__CM105080.1__extracted__TRB.fasta___bowtie	BK064757_TRAV13-4*01_Oryctolagus_cuniculus_Thorbecke_inbred	100.000	8	0	0	40	47	85	78	24	16.4	CACTGTTG	CACTGTTG	38	8
IMGT000032_TRBJ1-3*01_Oryctolagus_cuniculus_Thorbecke_inbred___458731___458781___+___/content/VDJ-Insights/VDJ-Insights_tutorial_regions/TR/GCA_047496845.1_LepYark_1.0_genomic__MGAM__EPHB6__CM105080.1__extracted__TRB.fasta___bowtie	BK064757_TRAV13-4*01_Oryctolagus_cuniculus_Thorbecke_inbred	100.000	7	0	0	16	22	93	99	95	14.4	CTATTTC	CTATTTC	38	7
IMGT000032_TRBJ1-3*01_Oryctolagus_cuniculus_Thorbecke_inbred___458731___458781___+___/content/VDJ-Insights/VDJ-Insights_tutorial_regions/TR/GCA_047496845.1_LepYark_1.0_genomic__MGAM__EPHB6__CM105080.1__extracted__TRB.fasta___bowtie	BK064757_TRAV13-1*01_Oryctolagus_cuniculus_Thorbecke_inbred	100.000	11	0	0	36	46	182	192	0.39	22.3	GGCTCACTGTT	GGCTCACTGTT	36	11
IMGT000032_TRBJ1-3*01_Oryctolagus_cuniculus_Thorbecke_inbred___458731___458781___+___/content/VDJ-Insights/VDJ-Insights_tutorial_regions/TR/GCA_047496845.1_LepYark_1.0_genomic__MGAM__EPHB6__CM105080.1__extracted__TRB.fasta___bowtie	BK064757_TRAV13-1*01_Oryctolagus_cuniculus_Thorbecke_inbred	100.000	7	0	0	16	22	93	99	95	14.4	CTATTTC	CTATTTC	36	7
IMGT000032_TRBJ1-3*01_Oryctolagus_cuniculus_Thorbecke_inbred___458731___458781___+___/content/VDJ-Insights/VDJ-Insights_tutorial_regions/TR/GCA_047496845.1_LepYark_1.0_genomic__MGAM__EPHB6__CM105080.1__extracted__TRB.fasta___bowtie	BK064757_TRAV5-6*01_Oryctolagus_cuniculus_Thorbecke_inbred	100.000	10	0	0	36	45	182	191	1.5	20.3	GGCTCACTGT	GGCTCACTGT	52	10
IMGT000032_TRBJ1-3*01_Oryctolagus_cuniculus_Thorbecke_inbred___458731___458781___+___/content/VDJ-Insights/VDJ-Insights_tutorial_regions/TR/GCA_047496845.1_LepYark_1.0_genomic__MGAM__EPHB6__CM105080.1__extracted__TRB.fasta___bowtie	BK064757_TRAV5-6*01_Oryctolagus_cuniculus_Thorbecke_inbred	100.000	8	0	0	10	17	12	5	24	16.4	CACCGTCT	CACCGTCT	52	8
IMGT000032_TRBJ1-3*01_Oryctolagus_cuniculus_Thorbecke_inbred___458731___458781___+___/content/VDJ-Insights/VDJ-Insights_tutorial_regions/TR/GCA_047496845.1_LepYark_1.0_genomic__MGAM__EPHB6__CM105080.1__extracted__TRB.fasta___bowtie	BK064757_TRAV5-6*01_Oryctolagus_cuniculus_Thorbecke_inbred	100.000	8	0	0	24	31	41	48	24	16.4	GGGAGGGA	GGGAGGGA	52	8
IMGT000032_TRBJ1-5*01_Oryctolagus_cuniculus_Thorbecke_inbred___459545___459588___+___/content/VDJ-Insights/VDJ-Insights_tutorial_regions/TR/GCA_047496845.1_LepYark_1.0_genomic__MGAM__EPHB6__CM105080.1__extracted__TRB.fasta___bowtie	IMGT000032_TRBJ1-5*01_Oryctolagus_cuniculus_Thorbecke_inbred	100.000	43	0	0	1	43	1	43	2.58e-20	85.7	CAGCAGCAGCATTTTGGCAGCGGGACCCGACTCTCTGTCCTAG	CAGCAGCAGCATTTTGGCAGCGGGACCCGACTCTCTGTCCTAG	100	43
IMGT000032_TRBJ1-5*01_Oryctolagus_cuniculus_Thorbecke_inbred___459545___459588___+___/content/VDJ-Insights/VDJ-Insights_tutorial_regions/TR/GCA_047496845.1_LepYark_1.0_genomic__MGAM__EPHB6__CM105080.1__extracted__TRB.fasta___bowtie	BK064757_TRAV45-7*01_Oryctolagus_cuniculus_Thorbecke_inbred	100.000	13	0	0	29	41	181	169	0.021	26.3	GACTCTCTGTCCT	GACTCTCTGTCCT	30	13
IMGT000032_TRBJ1-5*01_Oryctolagus_cuniculus_Thorbecke_inbred___459545___459588___+___/content/VDJ-Insights/VDJ-Insights_tutorial_regions/TR/GCA_047496845.1_LepYark_1.0_genomic__MGAM__EPHB6__CM105080.1__extracted__TRB.fasta___bowtie	BK064757_TRAJ35*01_Oryctolagus_cuniculus_Thorbecke_inbred	100.000	9	0	0	9	17	26	34	5.0	18.3	GCATTTTGG	GCATTTTGG	21	9
IMGT000032_TRBJ1-5*01_Oryctolagus_cuniculus_Thorbecke_inbred___459545___459588___+___/content/VDJ-Insights/VDJ-Insights_tutorial_regions/TR/GCA_047496845.1_LepYark_1.0_genomic__MGAM__EPHB6__CM105080.1__extracted__TRB.fasta___bowtie	BK064757_TRAJ24*01_Oryctolagus_cuniculus_Thorbecke_inbred	100.000	9	0	0	9	17	26	34	5.0	18.3	GCATTTTGG	GCATTTTGG	37	9
IMGT000032_TRBJ1-5*01_Oryctolagus_cuniculus_Thorbecke_inbred___459545___459588___+___/content/VDJ-Insights/VDJ-Insights_tutorial_regions/TR/GCA_047496845.1_LepYark_1.0_genomic__MGAM__EPHB6__CM105080.1__extracted__TRB.fasta___bowtie	BK064757_TRAJ24*01_Oryctolagus_cuniculus_Thorbecke_inbred	100.000	7	0	0	9	15	27	21	78	14.4	GCATTTT	GCATTTT	37	7
IMGT000032_TRBJ1-5*01_Oryctolagus_cuniculus_Thorbecke_inbred___459545___459588___+___/content/VDJ-Insights/VDJ-Insights_tutorial_regions/TR/GCA_047496845.1_LepYark_1.0_genomic__MGAM__EPHB6__CM105080.1__extracted__TRB.fasta___bowtie	BK064757_TRAJ24*01_Oryctolagus_cuniculus_Thorbecke_inbred	100.000	7	0	0	22	28	39	45	78	14.4	GGGACCC	GGGACCC	37	7
IMGT000032_TRBJ1-5*01_Oryctolagus_cuniculus_Thorbecke_inbred___459545___459588___+___/content/VDJ-Insights/VDJ-Insights_tutorial_regions/TR/GCA_047496845.1_LepYark_1.0_genomic__MGAM__EPHB6__CM105080.1__extracted__TRB.fasta___bowtie	IMGT000032_TRBV7-9*01_Oryctolagus_cuniculus_Thorbecke_inbred	100.000	9	0	0	4	12	279	287	5.0	18.3	CAGCAGCAT	CAGCAGCAT	47	9
IMGT000032_TRBJ1-5*01_Oryctolagus_cuniculus_Thorbecke_inbred___459545___459588___+___/content/VDJ-Insights/VDJ-Insights_tutorial_regions/TR/GCA_047496845.1_LepYark_1.0_genomic__MGAM__EPHB6__CM105080.1__extracted__TRB.fasta___bowtie	IMGT000032_TRBV7-9*01_Oryctolagus_cuniculus_Thorbecke_inbred	100.000	8	0	0	1	8	279	286	20	16.4	CAGCAGCA	CAGCAGCA	47	8
IMGT000032_TRBJ1-5*01_Oryctolagus_cuniculus_Thorbecke_inbred___459545___459588___+___/content/VDJ-Insights/VDJ-Insights_tutorial_regions/TR/GCA_047496845.1_LepYark_1.0_genomic__MGAM__EPHB6__CM105080.1__extracted__TRB.fasta___bowtie	IMGT000032_TRBV7-9*01_Oryctolagus_cuniculus_Thorbecke_inbred	100.000	7	0	0	34	40	52	46	78	14.4	TCTGTCC	TCTGTCC	47	7
IMGT000032_TRBJ1-5*01_Oryctolagus_cuniculus_Thorbecke_inbred___459545___459588___+___/content/VDJ-Insights/VDJ-Insights_tutorial_regions/TR/GCA_047496845.1_LepYark_1.0_genomic__MGAM__EPHB6__CM105080.1__extracted__TRB.fasta___bowtie	IMGT000032_TRBV7-9*01_Oryctolagus_cuniculus_Thorbecke_inbred	100.000	7	0	0	33	39	113	107	78	14.4	CTCTGTC	CTCTGTC	47	7
IMGT000032_TRBJ1-6*01_Oryctolagus_cuniculus_Thorbecke_inbred___460010___460058___+___/content/VDJ-Insights/VDJ-Insights_tutorial_regions/TR/GCA_047496845.1_LepYark_1.0_genomic__MGAM__EPHB6__CM105080.1__extracted__TRB.fasta___bowtie	IMGT000032_TRBJ1-6*01_Oryctolagus_cuniculus_Thorbecke_inbred	97.917	48	1	0	1	48	1	48	7.51e-21	87.7	CTAATTCACCACTCTACTTTGGAGTCGGCACCAGGCTCACCGTGACAG	CTAATTCACCACTCCACTTTGGAGTCGGCACCAGGCTCACCGTGACAG	100	14TC33
IMGT000032_TRBJ1-6*01_Oryctolagus_cuniculus_Thorbecke_inbred___460010___460058___+___/content/VDJ-Insights/VDJ-Insights_tutorial_regions/TR/GCA_047496845.1_LepYark_1.0_genomic__MGAM__EPHB6__CM105080.1__extracted__TRB.fasta___bowtie	S60737_TRBJ2-4*01_Oryctolagus_cuniculus	100.000	12	0	0	27	38	28	39	0.094	24.3	GGCACCAGGCTC	GGCACCAGGCTC	25	12
IMGT000032_TRBJ1-6*01_Oryctolagus_cuniculus_Thorbecke_inbred___460010___460058___+___/content/VDJ-Insights/VDJ-Insights_tutorial_regions/TR/GCA_047496845.1_LepYark_1.0_genomic__MGAM__EPHB6__CM105080.1__extracted__TRB.fasta___bowtie	IMGT000032_TRBJ1-1*01_Oryctolagus_cuniculus_Thorbecke_inbred	87.500	24	3	0	17	40	17	40	0.094	24.3	CTTTGGAGTCGGCACCAGGCTCAC	CTTTGGAGAAGGCACCAGACTCAC	50	8TACA8GA5
IMGT000032_TRBJ1-6*01_Oryctolagus_cuniculus_Thorbecke_inbred___460010___460058___+___/content/VDJ-Insights/VDJ-Insights_tutorial_regions/TR/GCA_047496845.1_LepYark_1.0_genomic__MGAM__EPHB6__CM105080.1__extracted__TRB.fasta___bowtie	BK064757_TRAV35*01_Oryctolagus_cuniculus_Thorbecke_inbred	100.000	11	0	0	5	15	132	122	0.37	22.3	TTCACCACTCT	TTCACCACTCT	23	11
IMGT000032_TRBJ1-6*01_Oryctolagus_cuniculus_Thorbecke_inbred___460010___460058___+___/content/VDJ-Insights/VDJ-Insights_tutorial_regions/TR/GCA_047496845.1_LepYark_1.0_genomic__MGAM__EPHB6__CM105080.1__extracted__TRB.fasta___bowtie	IMGT000032_TRBJ2-6*02_Oryctolagus_cuniculus_Thorbecke_inbred	93.333	15	1	0	26	40	25	39	0.37	22.3	CGGCACCAGGCTCAC	CGGCACCAAGCTCAC	42	8GA6
IMGT000032_TRBJ1-6*01_Oryctolagus_cuniculus_Thorbecke_inbred___460010___460058___+___/content/VDJ-Insights/VDJ-Insights_tutorial_regions/TR/GCA_047496845.1_LepYark_1.0_genomic__MGAM__EPHB6__CM105080.1__extracted__TRB.fasta___bowtie	IMGT000032_TRBJ2-6*02_Oryctolagus_cuniculus_Thorbecke_inbred	100.000	7	0	0	39	45	42	36	90	14.4	ACCGTGA	ACCGTGA	42	7
S60737_TRBD2*01_Oryctolagus_cuniculus___467080___467095___+___/content/VDJ-Insights/VDJ-Insights_tutorial_regions/TR/GCA_047496845.1_LepYark_1.0_genomic__MGAM__EPHB6__CM105080.1__extracted__TRB.fasta___bowtie	S60737_TRBD2*01_Oryctolagus_cuniculus	93.333	15	1	0	1	15	1	15	0.059	22.3	GGGACTTGGGGGGGG	GGGACTGGGGGGGGG	100	6TG8
S60737_TRBD2*01_Oryctolagus_cuniculus___467080___467095___+___/content/VDJ-Insights/VDJ-Insights_tutorial_regions/TR/GCA_047496845.1_LepYark_1.0_genomic__MGAM__EPHB6__CM105080.1__extracted__TRB.fasta___bowtie	BK064757_TRAV24*01_Oryctolagus_cuniculus_Thorbecke_inbred	100.000	9	0	0	4	12	136	128	0.92	18.3	ACTTGGGGG	ACTTGGGGG	60	9
S60737_TRBD2*01_Oryctolagus_cuniculus___467080___467095___+___/content/VDJ-Insights/VDJ-Insights_tutorial_regions/TR/GCA_047496845.1_LepYark_1.0_genomic__MGAM__EPHB6__CM105080.1__extracted__TRB.fasta___bowtie	IMGT000032_TRBV6-9*01_Oryctolagus_cuniculus_Thorbecke_inbred	100.000	8	0	0	4	11	28	21	3.6	16.4	ACTTGGGG	ACTTGGGG	53	8
S60737_TRBD2*01_Oryctolagus_cuniculus___467080___467095___+___/content/VDJ-Insights/VDJ-Insights_tutorial_regions/TR/GCA_047496845.1_LepYark_1.0_genomic__MGAM__EPHB6__CM105080.1__extracted__TRB.fasta___bowtie	IMGT000032_TRBV6-7*01_Oryctolagus_cuniculus_Thorbecke_inbred	100.000	8	0	0	4	11	28	21	3.6	16.4	ACTTGGGG	ACTTGGGG	53	8
S60737_TRBD2*01_Oryctolagus_cuniculus___467080___467095___+___/content/VDJ-Insights/VDJ-Insights_tutorial_regions/TR/GCA_047496845.1_LepYark_1.0_genomic__MGAM__EPHB6__CM105080.1__extracted__TRB.fasta___bowtie	IMGT000032_TRBV6-5*01_Oryctolagus_cuniculus_Thorbecke_inbred	100.000	8	0	0	4	11	28	21	3.6	16.4	ACTTGGGG	ACTTGGGG	53	8
S60737_TRBJ2-3*01_Oryctolagus_cuniculus___468141___468190___+___/content/VDJ-Insights/VDJ-Insights_tutorial_regions/TR/GCA_047496845.1_LepYark_1.0_genomic__MGAM__EPHB6__CM105080.1__extracted__TRB.fasta___bowtie	S60737_TRBJ2-3*01_Oryctolagus_cuniculus	100.000	49	0	0	1	49	1	49	8.00e-24	97.6	AGCTCAGAGACCCAGTATTTCGGCCCAGGCACTCGGCTGACCGTGCTTG	AGCTCAGAGACCCAGTATTTCGGCCCAGGCACTCGGCTGACCGTGCTTG	100	49
S60737_TRBJ2-3*01_Oryctolagus_cuniculus___468141___468190___+___/content/VDJ-Insights/VDJ-Insights_tutorial_regions/TR/GCA_047496845.1_LepYark_1.0_genomic__MGAM__EPHB6__CM105080.1__extracted__TRB.fasta___bowtie	S60737_TRBJ2-5*01_Oryctolagus_cuniculus	100.000	14	0	0	34	47	38	51	0.006	28.2	CGGCTGACCGTGCT	CGGCTGACCGTGCT	29	14
S60737_TRBJ2-3*01_Oryctolagus_cuniculus___468141___468190___+___/content/VDJ-Insights/VDJ-Insights_tutorial_regions/TR/GCA_047496845.1_LepYark_1.0_genomic__MGAM__EPHB6__CM105080.1__extracted__TRB.fasta___bowtie	S60737_TRBJ2-1*01_Oryctolagus_cuniculus	86.207	29	4	0	19	47	23	51	0.024	26.3	TTCGGCCCAGGCACTCGGCTGACCGTGCT	TTCGGACCAGGCACCCAGCTCACCGTGCT	59	5CA8TC1GA3GC8
S60737_TRBJ2-3*01_Oryctolagus_cuniculus___468141___468190___+___/content/VDJ-Insights/VDJ-Insights_tutorial_regions/TR/GCA_047496845.1_LepYark_1.0_genomic__MGAM__EPHB6__CM105080.1__extracted__TRB.fasta___bowtie	IMGT000032_TRBJ2-6*02_Oryctolagus_cuniculus_Thorbecke_inbred	90.000	20	2	0	13	32	11	30	0.096	24.3	CAGTATTTCGGCCCAGGCAC	CAGTATTTCGGTCCCGGCAC	57	11CT2AC5
S60737_TRBJ2-3*01_Oryctolagus_cuniculus___468141___468190___+___/content/VDJ-Insights/VDJ-Insights_tutorial_regions/TR/GCA_047496845.1_LepYark_1.0_genomic__MGAM__EPHB6__CM105080.1__extracted__TRB.fasta___bowtie	IMGT000032_TRBJ2-6*02_Oryctolagus_cuniculus_Thorbecke_inbred	100.000	8	0	0	38	45	44	37	23	16.4	TGACCGTG	TGACCGTG	57	8
S60737_TRBJ2-3*01_Oryctolagus_cuniculus___468141___468190___+___/content/VDJ-Insights/VDJ-Insights_tutorial_regions/TR/GCA_047496845.1_LepYark_1.0_genomic__MGAM__EPHB6__CM105080.1__extracted__TRB.fasta___bowtie	S60737_TRBJ2-6*01_Oryctolagus_cuniculus	90.000	20	2	0	13	32	11	30	0.096	24.3	CAGTATTTCGGCCCAGGCAC	CAGTATTTCGGTCCCGGCAC	57	11CT2AC5
S60737_TRBJ2-3*01_Oryctolagus_cuniculus___468141___468190___+___/content/VDJ-Insights/VDJ-Insights_tutorial_regions/TR/GCA_047496845.1_LepYark_1.0_genomic__MGAM__EPHB6__CM105080.1__extracted__TRB.fasta___bowtie	S60737_TRBJ2-6*01_Oryctolagus_cuniculus	100.000	8	0	0	38	45	44	37	23	16.4	TGACCGTG	TGACCGTG	57	8
S60737_TRBJ2-4*01_Oryctolagus_cuniculus___468277___468326___+___/content/VDJ-Insights/VDJ-Insights_tutorial_regions/TR/GCA_047496845.1_LepYark_1.0_genomic__MGAM__EPHB6__CM105080.1__extracted__TRB.fasta___bowtie	S60737_TRBJ2-4*01_Oryctolagus_cuniculus	97.959	49	1	0	1	49	1	49	1.95e-21	89.7	AGCCAAGATACTCAGTACTTCGGTGCGGGCACCAGGCTCTCGGTGCTAG	AGCCAAAATACTCAGTACTTCGGTGCGGGCACCAGGCTCTCGGTGCTAG	100	6GA42
S60737_TRBJ2-4*01_Oryctolagus_cuniculus___468277___468326___+___/content/VDJ-Insights/VDJ-Insights_tutorial_regions/TR/GCA_047496845.1_LepYark_1.0_genomic__MGAM__EPHB6__CM105080.1__extracted__TRB.fasta___bowtie	S60737_TRBJ2-4*01_Oryctolagus_cuniculus	100.000	7	0	0	40	46	20	26	93	14.4	TCGGTGC	TCGGTGC	100	7
S60737_TRBJ2-4*01_Oryctolagus_cuniculus___468277___468326___+___/content/VDJ-Insights/VDJ-Insights_tutorial_regions/TR/GCA_047496845.1_LepYark_1.0_genomic__MGAM__EPHB6__CM105080.1__extracted__TRB.fasta___bowtie	S60737_TRBJ2-4*01_Oryctolagus_cuniculus	100.000	7	0	0	20	26	40	46	93	14.4	TCGGTGC	TCGGTGC	100	7
S60737_TRBJ2-4*01_Oryctolagus_cuniculus___468277___468326___+___/content/VDJ-Insights/VDJ-Insights_tutorial_regions/TR/GCA_047496845.1_LepYark_1.0_genomic__MGAM__EPHB6__CM105080.1__extracted__TRB.fasta___bowtie	IMGT000032_TRBJ2-6*02_Oryctolagus_cuniculus_Thorbecke_inbred	84.375	32	5	0	13	44	11	42	0.096	24.3	CAGTACTTCGGTGCGGGCACCAGGCTCTCGGT	CAGTATTTCGGTCCCGGCACCAAGCTCACGGT	65	5CT6GC1GC7GA4TA4
S60737_TRBJ2-4*01_Oryctolagus_cuniculus___468277___468326___+___/content/VDJ-Insights/VDJ-Insights_tutorial_regions/TR/GCA_047496845.1_LepYark_1.0_genomic__MGAM__EPHB6__CM105080.1__extracted__TRB.fasta___bowtie	IMGT000032_TRBJ1-6*01_Oryctolagus_cuniculus_Thorbecke_inbred	100.000	12	0	0	28	39	27	38	0.096	24.3	GGCACCAGGCTC	GGCACCAGGCTC	24	12
S60737_TRBJ2-4*01_Oryctolagus_cuniculus___468277___468326___+___/content/VDJ-Insights/VDJ-Insights_tutorial_regions/TR/GCA_047496845.1_LepYark_1.0_genomic__MGAM__EPHB6__CM105080.1__extracted__TRB.fasta___bowtie	IMGT000032_TRBV15*01_Oryctolagus_cuniculus_Thorbecke_inbred	100.000	11	0	0	1	11	12	22	0.38	22.3	AGCCAAGATAC	AGCCAAGATAC	22	11
S60737_TRBJ2-4*01_Oryctolagus_cuniculus___468277___468326___+___/content/VDJ-Insights/VDJ-Insights_tutorial_regions/TR/GCA_047496845.1_LepYark_1.0_genomic__MGAM__EPHB6__CM105080.1__extracted__TRB.fasta___bowtie	IMGT000032_TRBV7-9*01_Oryctolagus_cuniculus_Thorbecke_inbred	100.000	11	0	0	27	37	190	180	0.38	22.3	GGGCACCAGGC	GGGCACCAGGC	51	11
S60737_TRBJ2-4*01_Oryctolagus_cuniculus___468277___468326___+___/content/VDJ-Insights/VDJ-Insights_tutorial_regions/TR/GCA_047496845.1_LepYark_1.0_genomic__MGAM__EPHB6__CM105080.1__extracted__TRB.fasta___bowtie	IMGT000032_TRBV7-9*01_Oryctolagus_cuniculus_Thorbecke_inbred	100.000	7	0	0	1	7	112	118	93	14.4	AGCCAAG	AGCCAAG	51	7
S60737_TRBJ2-4*01_Oryctolagus_cuniculus___468277___468326___+___/content/VDJ-Insights/VDJ-Insights_tutorial_regions/TR/GCA_047496845.1_LepYark_1.0_genomic__MGAM__EPHB6__CM105080.1__extracted__TRB.fasta___bowtie	IMGT000032_TRBV7-9*01_Oryctolagus_cuniculus_Thorbecke_inbred	100.000	7	0	0	15	21	141	147	93	14.4	GTACTTC	GTACTTC	51	7
S60737_TRBJ2-6*01_Oryctolagus_cuniculus___468666___468713___+___/content/VDJ-Insights/VDJ-Insights_tutorial_regions/TR/GCA_047496845.1_LepYark_1.0_genomic__MGAM__EPHB6__CM105080.1__extracted__TRB.fasta___bowtie	IMGT000032_TRBJ2-6*02_Oryctolagus_cuniculus_Thorbecke_inbred	97.872	47	1	0	1	47	1	47	2.89e-20	85.7	CTCCTATGAGCAGTACTTCGGTCCCGGCACCAAGCTCACGGTCACAG	CTCCTATGAGCAGTATTTCGGTCCCGGCACCAAGCTCACGGTCACAG	100	15CT31
S60737_TRBJ2-6*01_Oryctolagus_cuniculus___468666___468713___+___/content/VDJ-Insights/VDJ-Insights_tutorial_regions/TR/GCA_047496845.1_LepYark_1.0_genomic__MGAM__EPHB6__CM105080.1__extracted__TRB.fasta___bowtie	S60737_TRBJ2-6*01_Oryctolagus_cuniculus	95.745	47	2	0	1	47	1	47	7.05e-18	77.8	CTCCTATGAGCAGTACTTCGGTCCCGGCACCAAGCTCACGGTCACAG	CTCCTATGAGCAGTATTTCGGTCCCGGCACCAAACTCACGGTCACAG	100	15CT17GA13
S60737_TRBJ2-6*01_Oryctolagus_cuniculus___468666___468713___+___/content/VDJ-Insights/VDJ-Insights_tutorial_regions/TR/GCA_047496845.1_LepYark_1.0_genomic__MGAM__EPHB6__CM105080.1__extracted__TRB.fasta___bowtie	S60737_TRBJ2-4*01_Oryctolagus_cuniculus	87.500	32	4	0	11	42	13	44	3.74e-04	32.2	CAGTACTTCGGTCCCGGCACCAAGCTCACGGT	CAGTACTTCGGTGCGGGCACCAGGCTCTCGGT	68	12CG1CG7AG4AT4
S60737_TRBJ2-6*01_Oryctolagus_cuniculus___468666___468713___+___/content/VDJ-Insights/VDJ-Insights_tutorial_regions/TR/GCA_047496845.1_LepYark_1.0_genomic__MGAM__EPHB6__CM105080.1__extracted__TRB.fasta___bowtie	S60737_TRBJ2-1*01_Oryctolagus_cuniculus	85.294	34	5	0	6	39	12	45	0.006	28.2	ATGAGCAGTACTTCGGTCCCGGCACCAAGCTCAC	ATGAGCTGTTCTTCGGACCAGGCACCCAGCTCAC	72	6AT2AT6TA2CA6AC7
S60737_TRBJ2-6*01_Oryctolagus_cuniculus___468666___468713___+___/content/VDJ-Insights/VDJ-Insights_tutorial_regions/TR/GCA_047496845.1_LepYark_1.0_genomic__MGAM__EPHB6__CM105080.1__extracted__TRB.fasta___bowtie	BK064757_TRAJ28*01_Oryctolagus_cuniculus_Thorbecke_inbred	90.476	21	2	0	26	46	40	60	0.023	26.3	GGCACCAAGCTCACGGTCACA	GGCACCAAACTCTCGGTCACA	45	8GA3AT8
S60737_TRBJ2-6*01_Oryctolagus_cuniculus___468666___468713___+___/content/VDJ-Insights/VDJ-Insights_tutorial_regions/TR/GCA_047496845.1_LepYark_1.0_genomic__MGAM__EPHB6__CM105080.1__extracted__TRB.fasta___bowtie	BK064757_TRAJ28*01_Oryctolagus_cuniculus_Thorbecke_inbred	100.000	7	0	0	33	39	23	29	88	14.4	AGCTCAC	AGCTCAC	45	7
IMGT000032_TRBJ2-6*02_Oryctolagus_cuniculus_Thorbecke_inbred___468666___468713___+___/content/VDJ-Insights/VDJ-Insights_tutorial_regions/TR/GCA_047496845.1_LepYark_1.0_genomic__MGAM__EPHB6__CM105080.1__extracted__TRB.fasta___bowtie	IMGT000032_TRBJ2-6*02_Oryctolagus_cuniculus_Thorbecke_inbred	97.872	47	1	0	1	47	1	47	2.89e-20	85.7	CTCCTATGAGCAGTACTTCGGTCCCGGCACCAAGCTCACGGTCACAG	CTCCTATGAGCAGTATTTCGGTCCCGGCACCAAGCTCACGGTCACAG	100	15CT31
IMGT000032_TRBJ2-6*02_Oryctolagus_cuniculus_Thorbecke_inbred___468666___468713___+___/content/VDJ-Insights/VDJ-Insights_tutorial_regions/TR/GCA_047496845.1_LepYark_1.0_genomic__MGAM__EPHB6__CM105080.1__extracted__TRB.fasta___bowtie	S60737_TRBJ2-6*01_Oryctolagus_cuniculus	95.745	47	2	0	1	47	1	47	7.05e-18	77.8	CTCCTATGAGCAGTACTTCGGTCCCGGCACCAAGCTCACGGTCACAG	CTCCTATGAGCAGTATTTCGGTCCCGGCACCAAACTCACGGTCACAG	100	15CT17GA13
IMGT000032_TRBJ2-6*02_Oryctolagus_cuniculus_Thorbecke_inbred___468666___468713___+___/content/VDJ-Insights/VDJ-Insights_tutorial_regions/TR/GCA_047496845.1_LepYark_1.0_genomic__MGAM__EPHB6__CM105080.1__extracted__TRB.fasta___bowtie	S60737_TRBJ2-4*01_Oryctolagus_cuniculus	87.500	32	4	0	11	42	13	44	3.74e-04	32.2	CAGTACTTCGGTCCCGGCACCAAGCTCACGGT	CAGTACTTCGGTGCGGGCACCAGGCTCTCGGT	68	12CG1CG7AG4AT4
IMGT000032_TRBJ2-6*02_Oryctolagus_cuniculus_Thorbecke_inbred___468666___468713___+___/content/VDJ-Insights/VDJ-Insights_tutorial_regions/TR/GCA_047496845.1_LepYark_1.0_genomic__MGAM__EPHB6__CM105080.1__extracted__TRB.fasta___bowtie	S60737_TRBJ2-1*01_Oryctolagus_cuniculus	85.294	34	5	0	6	39	12	45	0.006	28.2	ATGAGCAGTACTTCGGTCCCGGCACCAAGCTCAC	ATGAGCTGTTCTTCGGACCAGGCACCCAGCTCAC	72	6AT2AT6TA2CA6AC7
IMGT000032_TRBJ2-6*02_Oryctolagus_cuniculus_Thorbecke_inbred___468666___468713___+___/content/VDJ-Insights/VDJ-Insights_tutorial_regions/TR/GCA_047496845.1_LepYark_1.0_genomic__MGAM__EPHB6__CM105080.1__extracted__TRB.fasta___bowtie	BK064757_TRAJ28*01_Oryctolagus_cuniculus_Thorbecke_inbred	90.476	21	2	0	26	46	40	60	0.023	26.3	GGCACCAAGCTCACGGTCACA	GGCACCAAACTCTCGGTCACA	45	8GA3AT8
IMGT000032_TRBJ2-6*02_Oryctolagus_cuniculus_Thorbecke_inbred___468666___468713___+___/content/VDJ-Insights/VDJ-Insights_tutorial_regions/TR/GCA_047496845.1_LepYark_1.0_genomic__MGAM__EPHB6__CM105080.1__extracted__TRB.fasta___bowtie	BK064757_TRAJ28*01_Oryctolagus_cuniculus_Thorbecke_inbred	100.000	7	0	0	33	39	23	29	88	14.4	AGCTCAC	AGCTCAC	45	7
IMGT000030_TRGJ2*01_Oryctolagus_cuniculus_Thorbecke_inbred___42005___42055___-___/content/VDJ-Insights/VDJ-Insights_tutorial_regions/TR/GCA_047496845.1_LepYark_1.0_genomic__AMPH__STARD3NL__CM105099.1__extracted__TRG.fasta___bowtie	IMGT000030_TRGJ2*01_Oryctolagus_cuniculus_Thorbecke_inbred	100.000	50	0	0	1	50	50	1	2.08e-24	99.6	CTATGACAACAAGTTTTGTTCCAGCACCGAAGACTTTCTCATAATAGTTC	CTATGACAACAAGTTTTGTTCCAGCACCGAAGACTTTCTCATAATAGTTC	100	50
IMGT000030_TRGJ2*01_Oryctolagus_cuniculus_Thorbecke_inbred___42005___42055___-___/content/VDJ-Insights/VDJ-Insights_tutorial_regions/TR/GCA_047496845.1_LepYark_1.0_genomic__AMPH__STARD3NL__CM105099.1__extracted__TRG.fasta___bowtie	IMGT000032_TRBV6-4*01_Oryctolagus_cuniculus_Thorbecke_inbred	100.000	11	0	0	1	11	84	94	0.39	22.3	CTATGACAACA	CTATGACAACA	54	11
IMGT000030_TRGJ2*01_Oryctolagus_cuniculus_Thorbecke_inbred___42005___42055___-___/content/VDJ-Insights/VDJ-Insights_tutorial_regions/TR/GCA_047496845.1_LepYark_1.0_genomic__AMPH__STARD3NL__CM105099.1__extracted__TRG.fasta___bowtie	IMGT000032_TRBV6-4*01_Oryctolagus_cuniculus_Thorbecke_inbred	100.000	9	0	0	34	42	172	164	6.1	18.3	CTTTCTCAT	CTTTCTCAT	54	9
IMGT000030_TRGJ2*01_Oryctolagus_cuniculus_Thorbecke_inbred___42005___42055___-___/content/VDJ-Insights/VDJ-Insights_tutorial_regions/TR/GCA_047496845.1_LepYark_1.0_genomic__AMPH__STARD3NL__CM105099.1__extracted__TRG.fasta___bowtie	IMGT000032_TRBV6-4*01_Oryctolagus_cuniculus_Thorbecke_inbred	100.000	7	0	0	44	50	87	81	95	14.4	ATAGTTC	ATAGTTC	54	7
IMGT000030_TRGJ2*01_Oryctolagus_cuniculus_Thorbecke_inbred___42005___42055___-___/content/VDJ-Insights/VDJ-Insights_tutorial_regions/TR/GCA_047496845.1_LepYark_1.0_genomic__AMPH__STARD3NL__CM105099.1__extracted__TRG.fasta___bowtie	IMGT000032_TRBV6-10*01_Oryctolagus_cuniculus_Thorbecke_inbred	100.000	11	0	0	1	11	84	94	0.39	22.3	CTATGACAACA	CTATGACAACA	56	11
IMGT000030_TRGJ2*01_Oryctolagus_cuniculus_Thorbecke_inbred___42005___42055___-___/content/VDJ-Insights/VDJ-Insights_tutorial_regions/TR/GCA_047496845.1_LepYark_1.0_genomic__AMPH__STARD3NL__CM105099.1__extracted__TRG.fasta___bowtie	IMGT000032_TRBV6-10*01_Oryctolagus_cuniculus_Thorbecke_inbred	100.000	7	0	0	21	27	8	2	95	14.4	CCAGCAC	CCAGCAC	56	7
IMGT000030_TRGJ2*01_Oryctolagus_cuniculus_Thorbecke_inbred___42005___42055___-___/content/VDJ-Insights/VDJ-Insights_tutorial_regions/TR/GCA_047496845.1_LepYark_1.0_genomic__AMPH__STARD3NL__CM105099.1__extracted__TRG.fasta___bowtie	IMGT000032_TRBV6-10*01_Oryctolagus_cuniculus_Thorbecke_inbred	100.000	7	0	0	44	50	87	81	95	14.4	ATAGTTC	ATAGTTC	56	7
IMGT000030_TRGJ2*01_Oryctolagus_cuniculus_Thorbecke_inbred___42005___42055___-___/content/VDJ-Insights/VDJ-Insights_tutorial_regions/TR/GCA_047496845.1_LepYark_1.0_genomic__AMPH__STARD3NL__CM105099.1__extracted__TRG.fasta___bowtie	IMGT000032_TRBV6-10*01_Oryctolagus_cuniculus_Thorbecke_inbred	100.000	7	0	0	18	24	27	33	95	14.4	GTTCCAG	GTTCCAG	56	7
IMGT000030_TRGJ2*01_Oryctolagus_cuniculus_Thorbecke_inbred___42005___42055___-___/content/VDJ-Insights/VDJ-Insights_tutorial_regions/TR/GCA_047496845.1_LepYark_1.0_genomic__AMPH__STARD3NL__CM105099.1__extracted__TRG.fasta___bowtie	BK064757_TRAJ36*01_Oryctolagus_cuniculus_Thorbecke_inbred	100.000	10	0	0	15	24	44	35	1.5	20.3	TTTGTTCCAG	TTTGTTCCAG	20	10
IMGT000030_TRGJ2*01_Oryctolagus_cuniculus_Thorbecke_inbred___42005___42055___-___/content/VDJ-Insights/VDJ-Insights_tutorial_regions/TR/GCA_047496845.1_LepYark_1.0_genomic__AMPH__STARD3NL__CM105099.1__extracted__TRG.fasta___bowtie	BK064757_TRAJ13*01_Oryctolagus_cuniculus_Thorbecke_inbred	100.000	10	0	0	15	24	46	37	1.5	20.3	TTTGTTCCAG	TTTGTTCCAG	20	10
IMGT000032_TRBD1*01_Oryctolagus_cuniculus_Thorbecke_inbred___66938___66950___-___/content/VDJ-Insights/VDJ-Insights_tutorial_regions/TR/GCA_047496845.1_LepYark_1.0_genomic__AMPH__STARD3NL__CM105099.1__extracted__TRG.fasta___bowtie	S60737_TRBD2*01_Oryctolagus_cuniculus	100.000	11	0	0	2	12	11	1	0.039	22.3	CCCCCAGTCCC	CCCCCAGTCCC	92	11
IMGT000032_TRBD1*01_Oryctolagus_cuniculus_Thorbecke_inbred___66938___66950___-___/content/VDJ-Insights/VDJ-Insights_tutorial_regions/TR/GCA_047496845.1_LepYark_1.0_genomic__AMPH__STARD3NL__CM105099.1__extracted__TRG.fasta___bowtie	BK064757_TRAJ38*01_Oryctolagus_cuniculus_Thorbecke_inbred	100.000	10	0	0	3	12	40	31	0.16	20.3	CCCCAGTCCC	CCCCAGTCCC	83	10
IMGT000032_TRBD1*01_Oryctolagus_cuniculus_Thorbecke_inbred___66938___66950___-___/content/VDJ-Insights/VDJ-Insights_tutorial_regions/TR/GCA_047496845.1_LepYark_1.0_genomic__AMPH__STARD3NL__CM105099.1__extracted__TRG.fasta___bowtie	BK064757_TRAJ34*01_Oryctolagus_cuniculus_Thorbecke_inbred	100.000	9	0	0	4	12	36	28	0.61	18.3	CCCAGTCCC	CCCAGTCCC	75	9
IMGT000032_TRBD1*01_Oryctolagus_cuniculus_Thorbecke_inbred___66938___66950___-___/content/VDJ-Insights/VDJ-Insights_tutorial_regions/TR/GCA_047496845.1_LepYark_1.0_genomic__AMPH__STARD3NL__CM105099.1__extracted__TRG.fasta___bowtie	IMGT000032_TRBV7-8*01_Oryctolagus_cuniculus_Thorbecke_inbred	100.000	9	0	0	4	12	14	22	0.61	18.3	CCCAGTCCC	CCCAGTCCC	92	9
IMGT000032_TRBD1*01_Oryctolagus_cuniculus_Thorbecke_inbred___66938___66950___-___/content/VDJ-Insights/VDJ-Insights_tutorial_regions/TR/GCA_047496845.1_LepYark_1.0_genomic__AMPH__STARD3NL__CM105099.1__extracted__TRG.fasta___bowtie	IMGT000032_TRBV7-8*01_Oryctolagus_cuniculus_Thorbecke_inbred	100.000	7	0	0	2	8	20	26	9.6	14.4	CCCCCAG	CCCCCAG	92	7
IMGT000032_TRBD1*01_Oryctolagus_cuniculus_Thorbecke_inbred___66938___66950___-___/content/VDJ-Insights/VDJ-Insights_tutorial_regions/TR/GCA_047496845.1_LepYark_1.0_genomic__AMPH__STARD3NL__CM105099.1__extracted__TRG.fasta___bowtie	IMGT000032_TRBV7-8*01_Oryctolagus_cuniculus_Thorbecke_inbred	100.000	7	0	0	2	8	215	209	9.6	14.4	CCCCCAG	CCCCCAG	92	7
IMGT000032_TRBD1*01_Oryctolagus_cuniculus_Thorbecke_inbred___66938___66950___-___/content/VDJ-Insights/VDJ-Insights_tutorial_regions/TR/GCA_047496845.1_LepYark_1.0_genomic__AMPH__STARD3NL__CM105099.1__extracted__TRG.fasta___bowtie	IMGT000032_TRBV7-7*01_Oryctolagus_cuniculus_Thorbecke_inbred	100.000	9	0	0	4	12	14	22	0.61	18.3	CCCAGTCCC	CCCAGTCCC	92	9
IMGT000032_TRBD1*01_Oryctolagus_cuniculus_Thorbecke_inbred___66938___66950___-___/content/VDJ-Insights/VDJ-Insights_tutorial_regions/TR/GCA_047496845.1_LepYark_1.0_genomic__AMPH__STARD3NL__CM105099.1__extracted__TRG.fasta___bowtie	IMGT000032_TRBV7-7*01_Oryctolagus_cuniculus_Thorbecke_inbred	100.000	7	0	0	2	8	20	26	9.6	14.4	CCCCCAG	CCCCCAG	92	7
IMGT000032_TRBD1*01_Oryctolagus_cuniculus_Thorbecke_inbred___66938___66950___-___/content/VDJ-Insights/VDJ-Insights_tutorial_regions/TR/GCA_047496845.1_LepYark_1.0_genomic__AMPH__STARD3NL__CM105099.1__extracted__TRG.fasta___bowtie	IMGT000032_TRBV7-7*01_Oryctolagus_cuniculus_Thorbecke_inbred	100.000	7	0	0	2	8	215	209	9.6	14.4	CCCCCAG	CCCCCAG	92	7
BK064757_TRDD1*01_Oryctolagus_cuniculus_Thorbecke_inbred___156081___156092___-___/content/VDJ-Insights/VDJ-Insights_tutorial_regions/TR/GCA_047496845.1_LepYark_1.0_genomic__AMPH__STARD3NL__CM105099.1__extracted__TRG.fasta___bowtie	S60737_TRBJ2-4*01_Oryctolagus_cuniculus	100.000	7	0	0	5	11	23	17	7.2	14.4	CCGAAGT	CCGAAGT	64	7
BK064757_TRDD1*01_Oryctolagus_cuniculus_Thorbecke_inbred___156081___156092___-___/content/VDJ-Insights/VDJ-Insights_tutorial_regions/TR/GCA_047496845.1_LepYark_1.0_genomic__AMPH__STARD3NL__CM105099.1__extracted__TRG.fasta___bowtie	BK064757_TRAJ48*01_Oryctolagus_cuniculus_Thorbecke_inbred	100.000	7	0	0	4	10	35	29	7.2	14.4	CCCGAAG	CCCGAAG	64	7
BK064757_TRDD1*01_Oryctolagus_cuniculus_Thorbecke_inbred___156081___156092___-___/content/VDJ-Insights/VDJ-Insights_tutorial_regions/TR/GCA_047496845.1_LepYark_1.0_genomic__AMPH__STARD3NL__CM105099.1__extracted__TRG.fasta___bowtie	AY748329_TRGV1-1*03_Oryctolagus_cuniculus_New_Zealand	100.000	7	0	0	1	7	158	164	7.2	14.4	GTACCCG	GTACCCG	64	7
BK064757_TRDD1*01_Oryctolagus_cuniculus_Thorbecke_inbred___156081___156092___-___/content/VDJ-Insights/VDJ-Insights_tutorial_regions/TR/GCA_047496845.1_LepYark_1.0_genomic__AMPH__STARD3NL__CM105099.1__extracted__TRG.fasta___bowtie	AY748328_TRGV1-1*02_Oryctolagus_cuniculus_New_Zealand	100.000	7	0	0	1	7	158	164	7.2	14.4	GTACCCG	GTACCCG	64	7
BK064757_TRDD1*01_Oryctolagus_cuniculus_Thorbecke_inbred___156081___156092___-___/content/VDJ-Insights/VDJ-Insights_tutorial_regions/TR/GCA_047496845.1_LepYark_1.0_genomic__AMPH__STARD3NL__CM105099.1__extracted__TRG.fasta___bowtie	IMGT000030_TRGV1-1*01_Oryctolagus_cuniculus_Thorbecke_inbred	100.000	7	0	0	1	7	158	164	7.2	14.4	GTACCCG	GTACCCG	64	7
S60737_TRBD2*01_Oryctolagus_cuniculus___88529___88544___+___/content/VDJ-Insights/VDJ-Insights_tutorial_regions/TR/GCA_047496845.1_LepYark_1.0_genomic__SALL2__DAD1__CM105092.1__extracted__TRA.fasta___bowtie	S60737_TRBD2*01_Oryctolagus_cuniculus	100.000	14	0	0	2	15	2	15	0.001	28.2	GGACTGGGGGGGGG	GGACTGGGGGGGGG	93	14
S60737_TRBD2*01_Oryctolagus_cuniculus___88529___88544___+___/content/VDJ-Insights/VDJ-Insights_tutorial_regions/TR/GCA_047496845.1_LepYark_1.0_genomic__SALL2__DAD1__CM105092.1__extracted__TRA.fasta___bowtie	IMGT000032_TRBV5-10*01_Oryctolagus_cuniculus_Thorbecke_inbred	100.000	10	0	0	3	12	80	71	0.23	20.3	GACTGGGGGG	GACTGGGGGG	67	10
S60737_TRBD2*01_Oryctolagus_cuniculus___88529___88544___+___/content/VDJ-Insights/VDJ-Insights_tutorial_regions/TR/GCA_047496845.1_LepYark_1.0_genomic__SALL2__DAD1__CM105092.1__extracted__TRA.fasta___bowtie	BK064757_TRAJ38*01_Oryctolagus_cuniculus_Thorbecke_inbred	100.000	9	0	0	2	10	32	40	0.92	18.3	GGACTGGGG	GGACTGGGG	60	9
S60737_TRBD2*01_Oryctolagus_cuniculus___88529___88544___+___/content/VDJ-Insights/VDJ-Insights_tutorial_regions/TR/GCA_047496845.1_LepYark_1.0_genomic__SALL2__DAD1__CM105092.1__extracted__TRA.fasta___bowtie	IMGT000032_TRBV7-9*01_Oryctolagus_cuniculus_Thorbecke_inbred	100.000	9	0	0	1	9	22	14	0.92	18.3	AGGACTGGG	AGGACTGGG	73	9
S60737_TRBD2*01_Oryctolagus_cuniculus___88529___88544___+___/content/VDJ-Insights/VDJ-Insights_tutorial_regions/TR/GCA_047496845.1_LepYark_1.0_genomic__SALL2__DAD1__CM105092.1__extracted__TRA.fasta___bowtie	IMGT000032_TRBV7-9*01_Oryctolagus_cuniculus_Thorbecke_inbred	100.000	7	0	0	5	11	209	215	14	14.4	CTGGGGG	CTGGGGG	73	7
S60737_TRBD2*01_Oryctolagus_cuniculus___88529___88544___+___/content/VDJ-Insights/VDJ-Insights_tutorial_regions/TR/GCA_047496845.1_LepYark_1.0_genomic__SALL2__DAD1__CM105092.1__extracted__TRA.fasta___bowtie	BK064757_TRAJ34*01_Oryctolagus_cuniculus_Thorbecke_inbred	100.000	8	0	0	2	9	29	36	3.6	16.4	GGACTGGG	GGACTGGG	53	8
BK064757_TRDD2*01_Oryctolagus_cuniculus_Thorbecke_inbred___140300___140317___-___/content/VDJ-Insights/VDJ-Insights_tutorial_regions/TR/GCA_047496845.1_LepYark_1.0_genomic__SALL2__DAD1__CM105092.1__extracted__TRA.fasta___bowtie	BK064757_TRDD2*01_Oryctolagus_cuniculus_Thorbecke_inbred	100.000	14	0	0	1	14	17	4	0.001	28.2	AGTATCCCACCAAT	AGTATCCCACCAAT	82	14
BK064757_TRDD2*01_Oryctolagus_cuniculus_Thorbecke_inbred___140300___140317___-___/content/VDJ-Insights/VDJ-Insights_tutorial_regions/TR/GCA_047496845.1_LepYark_1.0_genomic__SALL2__DAD1__CM105092.1__extracted__TRA.fasta___bowtie	BK064757_TRAV26*01_Oryctolagus_cuniculus_Thorbecke_inbred	100.000	8	0	0	9	16	106	99	4.8	16.4	ACCAATAT	ACCAATAT	47	8
BK064757_TRDD2*01_Oryctolagus_cuniculus_Thorbecke_inbred___140300___140317___-___/content/VDJ-Insights/VDJ-Insights_tutorial_regions/TR/GCA_047496845.1_LepYark_1.0_genomic__SALL2__DAD1__CM105092.1__extracted__TRA.fasta___bowtie	BK064757_TRAV46*01_Oryctolagus_cuniculus_Thorbecke_inbred	100.000	8	0	0	10	17	66	73	4.8	16.4	CCAATATC	CCAATATC	53	8
BK064757_TRDD2*01_Oryctolagus_cuniculus_Thorbecke_inbred___140300___140317___-___/content/VDJ-Insights/VDJ-Insights_tutorial_regions/TR/GCA_047496845.1_LepYark_1.0_genomic__SALL2__DAD1__CM105092.1__extracted__TRA.fasta___bowtie	BK064757_TRAV46*01_Oryctolagus_cuniculus_Thorbecke_inbred	100.000	7	0	0	9	15	109	103	19	14.4	ACCAATA	ACCAATA	53	7
BK064757_TRDD2*01_Oryctolagus_cuniculus_Thorbecke_inbred___140300___140317___-___/content/VDJ-Insights/VDJ-Insights_tutorial_regions/TR/GCA_047496845.1_LepYark_1.0_genomic__SALL2__DAD1__CM105092.1__extracted__TRA.fasta___bowtie	BK064757_TRAV46*01_Oryctolagus_cuniculus_Thorbecke_inbred	100.000	7	0	0	10	16	23	29	19	14.4	CCAATAT	CCAATAT	53	7
BK064757_TRDD2*01_Oryctolagus_cuniculus_Thorbecke_inbred___140300___140317___-___/content/VDJ-Insights/VDJ-Insights_tutorial_regions/TR/GCA_047496845.1_LepYark_1.0_genomic__SALL2__DAD1__CM105092.1__extracted__TRA.fasta___bowtie	BK064757_TRAJ36*01_Oryctolagus_cuniculus_Thorbecke_inbred	100.000	7	0	0	3	9	15	9	19	14.4	TATCCCA	TATCCCA	41	7
BK064757_TRDD2*01_Oryctolagus_cuniculus_Thorbecke_inbred___140300___140317___-___/content/VDJ-Insights/VDJ-Insights_tutorial_regions/TR/GCA_047496845.1_LepYark_1.0_genomic__SALL2__DAD1__CM105092.1__extracted__TRA.fasta___bowtie	BK064757_TRAJ2*01_Oryctolagus_cuniculus_Thorbecke_inbred	100.000	7	0	0	10	16	10	4	19	14.4	CCAATAT	CCAATAT	41	7
BK064757_TRDD1*01_Oryctolagus_cuniculus_Thorbecke_inbred___157850___157861___-___/content/VDJ-Insights/VDJ-Insights_tutorial_regions/TR/GCA_047496845.1_LepYark_1.0_genomic__SALL2__DAD1__CM105092.1__extracted__TRA.fasta___bowtie	BK064757_TRDD1*01_Oryctolagus_cuniculus_Thorbecke_inbred	100.000	11	0	0	1	11	11	1	0.030	22.3	GTACCCGTAGT	GTACCCGTAGT	100	11
BK064757_TRDD1*01_Oryctolagus_cuniculus_Thorbecke_inbred___157850___157861___-___/content/VDJ-Insights/VDJ-Insights_tutorial_regions/TR/GCA_047496845.1_LepYark_1.0_genomic__SALL2__DAD1__CM105092.1__extracted__TRA.fasta___bowtie	BK064757_TRAJ47*01_Oryctolagus_cuniculus_Thorbecke_inbred	100.000	8	0	0	4	11	11	4	1.8	16.4	CCCGTAGT	CCCGTAGT	73	8
BK064757_TRDD1*01_Oryctolagus_cuniculus_Thorbecke_inbred___157850___157861___-___/content/VDJ-Insights/VDJ-Insights_tutorial_regions/TR/GCA_047496845.1_LepYark_1.0_genomic__SALL2__DAD1__CM105092.1__extracted__TRA.fasta___bowtie	AY748329_TRGV1-1*03_Oryctolagus_cuniculus_New_Zealand	100.000	8	0	0	1	8	158	165	1.8	16.4	GTACCCGT	GTACCCGT	73	8
BK064757_TRDD1*01_Oryctolagus_cuniculus_Thorbecke_inbred___157850___157861___-___/content/VDJ-Insights/VDJ-Insights_tutorial_regions/TR/GCA_047496845.1_LepYark_1.0_genomic__SALL2__DAD1__CM105092.1__extracted__TRA.fasta___bowtie	AY748328_TRGV1-1*02_Oryctolagus_cuniculus_New_Zealand	100.000	8	0	0	1	8	158	165	1.8	16.4	GTACCCGT	GTACCCGT	73	8
BK064757_TRDD1*01_Oryctolagus_cuniculus_Thorbecke_inbred___157850___157861___-___/content/VDJ-Insights/VDJ-Insights_tutorial_regions/TR/GCA_047496845.1_LepYark_1.0_genomic__SALL2__DAD1__CM105092.1__extracted__TRA.fasta___bowtie	IMGT000030_TRGV1-1*01_Oryctolagus_cuniculus_Thorbecke_inbred	100.000	8	0	0	1	8	158	165	1.8	16.4	GTACCCGT	GTACCCGT	73	8
S60737_TRBD2*01_Oryctolagus_cuniculus___368972___368987___+___/content/VDJ-Insights/VDJ-Insights_tutorial_regions/TR/GCA_047496845.1_LepYark_1.0_genomic__SALL2__DAD1__CM105092.1__extracted__TRA.fasta___bowtie	S60737_TRBD2*01_Oryctolagus_cuniculus	100.000	14	0	0	2	15	2	15	0.001	28.2	GGACTGGGGGGGGG	GGACTGGGGGGGGG	93	14
S60737_TRBD2*01_Oryctolagus_cuniculus___368972___368987___+___/content/VDJ-Insights/VDJ-Insights_tutorial_regions/TR/GCA_047496845.1_LepYark_1.0_genomic__SALL2__DAD1__CM105092.1__extracted__TRA.fasta___bowtie	IMGT000032_TRBV5-10*01_Oryctolagus_cuniculus_Thorbecke_inbred	100.000	10	0	0	3	12	80	71	0.23	20.3	GACTGGGGGG	GACTGGGGGG	67	10
S60737_TRBD2*01_Oryctolagus_cuniculus___368972___368987___+___/content/VDJ-Insights/VDJ-Insights_tutorial_regions/TR/GCA_047496845.1_LepYark_1.0_genomic__SALL2__DAD1__CM105092.1__extracted__TRA.fasta___bowtie	BK064757_TRAJ38*01_Oryctolagus_cuniculus_Thorbecke_inbred	100.000	9	0	0	2	10	32	40	0.92	18.3	GGACTGGGG	GGACTGGGG	60	9
S60737_TRBD2*01_Oryctolagus_cuniculus___368972___368987___+___/content/VDJ-Insights/VDJ-Insights_tutorial_regions/TR/GCA_047496845.1_LepYark_1.0_genomic__SALL2__DAD1__CM105092.1__extracted__TRA.fasta___bowtie	IMGT000032_TRBV7-9*01_Oryctolagus_cuniculus_Thorbecke_inbred	100.000	8	0	0	2	9	21	14	3.6	16.4	GGACTGGG	GGACTGGG	67	8
S60737_TRBD2*01_Oryctolagus_cuniculus___368972___368987___+___/content/VDJ-Insights/VDJ-Insights_tutorial_regions/TR/GCA_047496845.1_LepYark_1.0_genomic__SALL2__DAD1__CM105092.1__extracted__TRA.fasta___bowtie	IMGT000032_TRBV7-9*01_Oryctolagus_cuniculus_Thorbecke_inbred	100.000	7	0	0	5	11	209	215	14	14.4	CTGGGGG	CTGGGGG	67	7
S60737_TRBD2*01_Oryctolagus_cuniculus___368972___368987___+___/content/VDJ-Insights/VDJ-Insights_tutorial_regions/TR/GCA_047496845.1_LepYark_1.0_genomic__SALL2__DAD1__CM105092.1__extracted__TRA.fasta___bowtie	IMGT000032_TRBV7-8*01_Oryctolagus_cuniculus_Thorbecke_inbred	100.000	8	0	0	2	9	21	14	3.6	16.4	GGACTGGG	GGACTGGG	67	8
S60737_TRBD2*01_Oryctolagus_cuniculus___368972___368987___+___/content/VDJ-Insights/VDJ-Insights_tutorial_regions/TR/GCA_047496845.1_LepYark_1.0_genomic__SALL2__DAD1__CM105092.1__extracted__TRA.fasta___bowtie	IMGT000032_TRBV7-8*01_Oryctolagus_cuniculus_Thorbecke_inbred	100.000	7	0	0	5	11	26	20	14	14.4	CTGGGGG	CTGGGGG	67	7
S60737_TRBD2*01_Oryctolagus_cuniculus___368972___368987___+___/content/VDJ-Insights/VDJ-Insights_tutorial_regions/TR/GCA_047496845.1_LepYark_1.0_genomic__SALL2__DAD1__CM105092.1__extracted__TRA.fasta___bowtie	IMGT000032_TRBV7-8*01_Oryctolagus_cuniculus_Thorbecke_inbred	100.000	7	0	0	5	11	209	215	14	14.4	CTGGGGG	CTGGGGG	67	7
IMGT000032_TRBD1*01_Oryctolagus_cuniculus_Thorbecke_inbred___920793___920805___+___/content/VDJ-Insights/VDJ-Insights_tutorial_regions/TR/GCA_047496845.1_LepYark_1.0_genomic__SALL2__DAD1__CM105092.1__extracted__TRA.fasta___bowtie	IMGT000032_TRBD1*01_Oryctolagus_cuniculus_Thorbecke_inbred	100.000	11	0	0	2	12	2	12	0.039	22.3	GGACAGGGGGC	GGACAGGGGGC	92	11
IMGT000032_TRBD1*01_Oryctolagus_cuniculus_Thorbecke_inbred___920793___920805___+___/content/VDJ-Insights/VDJ-Insights_tutorial_regions/TR/GCA_047496845.1_LepYark_1.0_genomic__SALL2__DAD1__CM105092.1__extracted__TRA.fasta___bowtie	BK064757_TRAJ23*01_Oryctolagus_cuniculus_Thorbecke_inbred	100.000	8	0	0	2	9	33	40	2.4	16.4	GGACAGGG	GGACAGGG	67	8
IMGT000032_TRBD1*01_Oryctolagus_cuniculus_Thorbecke_inbred___920793___920805___+___/content/VDJ-Insights/VDJ-Insights_tutorial_regions/TR/GCA_047496845.1_LepYark_1.0_genomic__SALL2__DAD1__CM105092.1__extracted__TRA.fasta___bowtie	IMGT000032_TRBV7-4*01_Oryctolagus_cuniculus_Thorbecke_inbred	100.000	8	0	0	2	9	26	33	2.4	16.4	GGACAGGG	GGACAGGG	67	8
IMGT000032_TRBD1*01_Oryctolagus_cuniculus_Thorbecke_inbred___920793___920805___+___/content/VDJ-Insights/VDJ-Insights_tutorial_regions/TR/GCA_047496845.1_LepYark_1.0_genomic__SALL2__DAD1__CM105092.1__extracted__TRA.fasta___bowtie	IMGT000032_TRBV26*01_Oryctolagus_cuniculus_Thorbecke_inbred	100.000	8	0	0	2	9	41	48	2.4	16.4	GGACAGGG	GGACAGGG	83	8
IMGT000032_TRBD1*01_Oryctolagus_cuniculus_Thorbecke_inbred___920793___920805___+___/content/VDJ-Insights/VDJ-Insights_tutorial_regions/TR/GCA_047496845.1_LepYark_1.0_genomic__SALL2__DAD1__CM105092.1__extracted__TRA.fasta___bowtie	IMGT000032_TRBV26*01_Oryctolagus_cuniculus_Thorbecke_inbred	100.000	7	0	0	5	11	228	222	9.6	14.4	CAGGGGG	CAGGGGG	83	7
IMGT000032_TRBD1*01_Oryctolagus_cuniculus_Thorbecke_inbred___920793___920805___+___/content/VDJ-Insights/VDJ-Insights_tutorial_regions/TR/GCA_047496845.1_LepYark_1.0_genomic__SALL2__DAD1__CM105092.1__extracted__TRA.fasta___bowtie	BK064757_TRAV13-4*01_Oryctolagus_cuniculus_Thorbecke_inbred	100.000	8	0	0	1	8	120	127	2.4	16.4	TGGACAGG	TGGACAGG	67	8
