NW_003159316_IGLJ1*01_Oryctolagus_cuniculus_Thorbecke_inbred___294426___294464___+___/content/VDJ-Insights/VDJ-Insights_tutorial_regions/IG/GCA_047496845.1_LepYark_1.0_genomic__SLC5A4__AIFM3__CM105103.1__extracted__IGL.fasta___bowtie	NW_003159316_IGLJ1*01_Oryctolagus_cuniculus_Thorbecke_inbred	100.000	38	0	0	1	38	1	38	2.20e-17	75.8	GTATGTCTTCGGCAGCAGGACCAAGGTCATTGTCACAG	GTATGTCTTCGGCAGCAGGACCAAGGTCATTGTCACAG	100	38
NW_003159316_IGLJ1*01_Oryctolagus_cuniculus_Thorbecke_inbred___294426___294464___+___/content/VDJ-Insights/VDJ-Insights_tutorial_regions/IG/GCA_047496845.1_LepYark_1.0_genomic__SLC5A4__AIFM3__CM105103.1__extracted__IGL.fasta___bowtie	X00232_IGKJ2-2*01_Oryctolagus_cuniculus	100.000	10	0	0	18	27	20	29	1.1	20.3	GGACCAAGGT	GGACCAAGGT	26	10
NW_003159316_IGLJ1*01_Oryctolagus_cuniculus_Thorbecke_inbred___294426___294464___+___/content/VDJ-Insights/VDJ-Insights_tutorial_regions/IG/GCA_047496845.1_LepYark_1.0_genomic__SLC5A4__AIFM3__CM105103.1__extracted__IGL.fasta___bowtie	K01363_IGKJ1-2*03_Oryctolagus_cuniculus	100.000	10	0	0	18	27	20	29	1.1	20.3	GGACCAAGGT	GGACCAAGGT	26	10
NW_003159316_IGLJ1*01_Oryctolagus_cuniculus_Thorbecke_inbred___294426___294464___+___/content/VDJ-Insights/VDJ-Insights_tutorial_regions/IG/GCA_047496845.1_LepYark_1.0_genomic__SLC5A4__AIFM3__CM105103.1__extracted__IGL.fasta___bowtie	NW_003159316_IGLV2S3*01_Oryctolagus_cuniculus_Thorbecke_inbred	92.308	13	1	0	20	32	91	79	4.4	18.3	ACCAAGGTCATTG	ACCAATGTCATTG	34	5GT7
NW_003159316_IGLJ1*01_Oryctolagus_cuniculus_Thorbecke_inbred___294426___294464___+___/content/VDJ-Insights/VDJ-Insights_tutorial_regions/IG/GCA_047496845.1_LepYark_1.0_genomic__SLC5A4__AIFM3__CM105103.1__extracted__IGL.fasta___bowtie	X00232_IGKJ2-1*01_Oryctolagus_cuniculus	100.000	8	0	0	20	27	20	27	18	16.4	ACCAAGGT	ACCAAGGT	21	8
M23228_IGLJ6*01_Oryctolagus_cuniculus___300024___300062___+___/content/VDJ-Insights/VDJ-Insights_tutorial_regions/IG/GCA_047496845.1_LepYark_1.0_genomic__SLC5A4__AIFM3__CM105103.1__extracted__IGL.fasta___bowtie	M23228_IGLJ6*01_Oryctolagus_cuniculus	94.737	38	2	0	1	38	1	38	1.31e-12	60.0	TGTTGTGTTCGGCGGAGGGACTCGGCTGACCGTCACAG	TGTTGTGTTCGGCGGAGGGACCCAGCTGACCGTCACAG	100	21TC1GA14
M23228_IGLJ6*01_Oryctolagus_cuniculus___300024___300062___+___/content/VDJ-Insights/VDJ-Insights_tutorial_regions/IG/GCA_047496845.1_LepYark_1.0_genomic__SLC5A4__AIFM3__CM105103.1__extracted__IGL.fasta___bowtie	M23226_IGLJ5*01_Oryctolagus_cuniculus	94.286	35	2	0	4	38	4	38	8.07e-11	54.0	TGTGTTCGGCGGAGGGACTCGGCTGACCGTCACAG	TGTGTTCGGCGGAGGGACCCAGCTGACCGTCACAG	92	18TC1GA14
M23228_IGLJ6*01_Oryctolagus_cuniculus___300024___300062___+___/content/VDJ-Insights/VDJ-Insights_tutorial_regions/IG/GCA_047496845.1_LepYark_1.0_genomic__SLC5A4__AIFM3__CM105103.1__extracted__IGL.fasta___bowtie	M14067_IGKJ1-2*04_Oryctolagus_cuniculus	100.000	14	0	0	8	21	10	23	0.005	28.2	TTCGGCGGAGGGAC	TTCGGCGGAGGGAC	37	14
M23228_IGLJ6*01_Oryctolagus_cuniculus___300024___300062___+___/content/VDJ-Insights/VDJ-Insights_tutorial_regions/IG/GCA_047496845.1_LepYark_1.0_genomic__SLC5A4__AIFM3__CM105103.1__extracted__IGL.fasta___bowtie	K01363_IGKJ1-2*03_Oryctolagus_cuniculus	100.000	14	0	0	8	21	10	23	0.005	28.2	TTCGGCGGAGGGAC	TTCGGCGGAGGGAC	37	14
M23228_IGLJ6*01_Oryctolagus_cuniculus___300024___300062___+___/content/VDJ-Insights/VDJ-Insights_tutorial_regions/IG/GCA_047496845.1_LepYark_1.0_genomic__SLC5A4__AIFM3__CM105103.1__extracted__IGL.fasta___bowtie	K01361_IGKJ1-2*02_Oryctolagus_cuniculus	100.000	14	0	0	8	21	10	23	0.005	28.2	TTCGGCGGAGGGAC	TTCGGCGGAGGGAC	37	14
NW_003159316_IGLJ3*01_Oryctolagus_cuniculus_Thorbecke_inbred___304277___304315___+___/content/VDJ-Insights/VDJ-Insights_tutorial_regions/IG/GCA_047496845.1_LepYark_1.0_genomic__SLC5A4__AIFM3__CM105103.1__extracted__IGL.fasta___bowtie	NW_003159316_IGLJ3*01_Oryctolagus_cuniculus_Thorbecke_inbred	97.368	38	1	0	1	38	1	38	5.37e-15	67.9	TTATGTGTTCGGCAGAGGAACCAAGCTGACCGTCCTTG	TTATGTGTTCAGCAGAGGAACCAAGCTGACCGTCCTTG	100	10GA27
NW_003159316_IGLJ3*01_Oryctolagus_cuniculus_Thorbecke_inbred___304277___304315___+___/content/VDJ-Insights/VDJ-Insights_tutorial_regions/IG/GCA_047496845.1_LepYark_1.0_genomic__SLC5A4__AIFM3__CM105103.1__extracted__IGL.fasta___bowtie	M23226_IGLJ5*01_Oryctolagus_cuniculus	91.176	34	3	0	1	34	1	34	7.77e-08	44.1	TTATGTGTTCGGCAGAGGAACCAAGCTGACCGTC	TTATGTGTTCGGCGGAGGGACCCAGCTGACCGTC	89	13AG4AG3AC11
NW_003159316_IGLJ3*01_Oryctolagus_cuniculus_Thorbecke_inbred___304277___304315___+___/content/VDJ-Insights/VDJ-Insights_tutorial_regions/IG/GCA_047496845.1_LepYark_1.0_genomic__SLC5A4__AIFM3__CM105103.1__extracted__IGL.fasta___bowtie	M23228_IGLJ6*01_Oryctolagus_cuniculus	90.323	31	3	0	4	34	4	34	4.80e-06	38.2	TGTGTTCGGCAGAGGAACCAAGCTGACCGTC	TGTGTTCGGCGGAGGGACCCAGCTGACCGTC	82	10AG4AG3AC11
NW_003159316_IGLJ3*01_Oryctolagus_cuniculus_Thorbecke_inbred___304277___304315___+___/content/VDJ-Insights/VDJ-Insights_tutorial_regions/IG/GCA_047496845.1_LepYark_1.0_genomic__SLC5A4__AIFM3__CM105103.1__extracted__IGL.fasta___bowtie	X00232_IGKJ2-3*01_Oryctolagus_cuniculus	100.000	13	0	0	16	28	16	28	0.018	26.3	AGGAACCAAGCTG	AGGAACCAAGCTG	34	13
NW_003159316_IGLJ3*01_Oryctolagus_cuniculus_Thorbecke_inbred___304277___304315___+___/content/VDJ-Insights/VDJ-Insights_tutorial_regions/IG/GCA_047496845.1_LepYark_1.0_genomic__SLC5A4__AIFM3__CM105103.1__extracted__IGL.fasta___bowtie	NW_003159316_IGLJ1*01_Oryctolagus_cuniculus_Thorbecke_inbred	92.857	14	1	0	2	15	2	15	1.1	20.3	TATGTGTTCGGCAG	TATGTCTTCGGCAG	37	5GC8
AY386695_IGHJ4*02_Oryctolagus_cuniculus___233976___234024___-___/content/VDJ-Insights/VDJ-Insights_tutorial_regions/IG/GCA_047496845.1_LepYark_1.0_genomic__TMEM121__-__CM105101.1__extracted__IGH.fasta___bowtie	AY386695_IGHJ4*02_Oryctolagus_cuniculus	97.917	48	1	0	1	48	48	1	7.85e-21	87.7	CTGAGGAGACGGTGACCAGGGTGCCTTGGCCCCAGATGTTAAAGTAGT	CTGAGGAGACGGTGACCAGGGTGCCTGGGCCCCAGATGTTAAAGTAGT	100	26TG21
AY386695_IGHJ4*02_Oryctolagus_cuniculus___233976___234024___-___/content/VDJ-Insights/VDJ-Insights_tutorial_regions/IG/GCA_047496845.1_LepYark_1.0_genomic__TMEM121__-__CM105101.1__extracted__IGH.fasta___bowtie	M24223_IGHJ4*01_Oryctolagus_cuniculus	93.750	48	3	0	1	48	48	1	4.66e-16	71.9	CTGAGGAGACGGTGACCAGGGTGCCTTGGCCCCAGATGTTAAAGTAGT	CTGAGGAGACGGTGACCAGGGTGCCTGGGCCCCACAAGTTAAAGTAGT	100	26TG7GC1TA11
AY386695_IGHJ4*02_Oryctolagus_cuniculus___233976___234024___-___/content/VDJ-Insights/VDJ-Insights_tutorial_regions/IG/GCA_047496845.1_LepYark_1.0_genomic__TMEM121__-__CM105101.1__extracted__IGH.fasta___bowtie	M24223_IGHJ3*01_Oryctolagus_cuniculus	97.222	36	1	0	1	36	53	18	1.14e-13	63.9	CTGAGGAGACGGTGACCAGGGTGCCTTGGCCCCAGA	CTGAGGAGACGGTGACCAGGGTGCCCTGGCCCCAGA	75	25TC10
AY386695_IGHJ4*02_Oryctolagus_cuniculus___233976___234024___-___/content/VDJ-Insights/VDJ-Insights_tutorial_regions/IG/GCA_047496845.1_LepYark_1.0_genomic__TMEM121__-__CM105101.1__extracted__IGH.fasta___bowtie	AY386695_IGHJ3*02_Oryctolagus_cuniculus	97.143	35	1	0	1	35	51	17	4.49e-13	61.9	CTGAGGAGACGGTGACCAGGGTGCCTTGGCCCCAG	CTGAGGAGACGGTGACCAGGGTGCCCTGGCCCCAG	73	25TC9
AY386695_IGHJ4*02_Oryctolagus_cuniculus___233976___234024___-___/content/VDJ-Insights/VDJ-Insights_tutorial_regions/IG/GCA_047496845.1_LepYark_1.0_genomic__TMEM121__-__CM105101.1__extracted__IGH.fasta___bowtie	AY386695_IGHJ2*02_Oryctolagus_cuniculus	97.143	35	1	0	1	35	50	16	4.49e-13	61.9	CTGAGGAGACGGTGACCAGGGTGCCTTGGCCCCAG	CTGAGGAGACGGTGACCAGGGTGCCTGGGCCCCAG	73	26TG8
M24223_IGHJ2*01_Oryctolagus_cuniculus___234528___234578___-___/content/VDJ-Insights/VDJ-Insights_tutorial_regions/IG/GCA_047496845.1_LepYark_1.0_genomic__TMEM121__-__CM105101.1__extracted__IGH.fasta___bowtie	AY386695_IGHJ2*02_Oryctolagus_cuniculus	98.000	50	1	0	1	50	50	1	5.29e-22	91.7	CTGAGGAGACGGTGACCAGGGTGCCTTGGCCCCAGGGATCGAAAGCATCA	CTGAGGAGACGGTGACCAGGGTGCCTGGGCCCCAGGGATCGAAAGCATCA	100	26TG23
M24223_IGHJ2*01_Oryctolagus_cuniculus___234528___234578___-___/content/VDJ-Insights/VDJ-Insights_tutorial_regions/IG/GCA_047496845.1_LepYark_1.0_genomic__TMEM121__-__CM105101.1__extracted__IGH.fasta___bowtie	M24223_IGHJ2*01_Oryctolagus_cuniculus	96.000	50	2	0	1	50	50	1	1.29e-19	83.8	CTGAGGAGACGGTGACCAGGGTGCCTTGGCCCCAGGGATCGAAAGCATCA	CTGAGGAGACGGTGACCAGGGTGCCTGGGCCCCAGGGATCAAAAGCATCA	100	26TG13GA9
M24223_IGHJ2*01_Oryctolagus_cuniculus___234528___234578___-___/content/VDJ-Insights/VDJ-Insights_tutorial_regions/IG/GCA_047496845.1_LepYark_1.0_genomic__TMEM121__-__CM105101.1__extracted__IGH.fasta___bowtie	AY386695_IGHJ3*02_Oryctolagus_cuniculus	97.500	40	1	0	1	40	51	12	4.91e-16	71.9	CTGAGGAGACGGTGACCAGGGTGCCTTGGCCCCAGGGATC	CTGAGGAGACGGTGACCAGGGTGCCCTGGCCCCAGGGATC	80	25TC14
M24223_IGHJ2*01_Oryctolagus_cuniculus___234528___234578___-___/content/VDJ-Insights/VDJ-Insights_tutorial_regions/IG/GCA_047496845.1_LepYark_1.0_genomic__TMEM121__-__CM105101.1__extracted__IGH.fasta___bowtie	M24223_IGHJ3*01_Oryctolagus_cuniculus	95.000	40	2	0	1	40	53	14	1.20e-13	63.9	CTGAGGAGACGGTGACCAGGGTGCCTTGGCCCCAGGGATC	CTGAGGAGACGGTGACCAGGGTGCCCTGGCCCCAGAGATC	80	25TC9GA4
M24223_IGHJ2*01_Oryctolagus_cuniculus___234528___234578___-___/content/VDJ-Insights/VDJ-Insights_tutorial_regions/IG/GCA_047496845.1_LepYark_1.0_genomic__TMEM121__-__CM105101.1__extracted__IGH.fasta___bowtie	AY386695_IGHJ4*02_Oryctolagus_cuniculus	97.143	35	1	0	1	35	48	14	4.73e-13	61.9	CTGAGGAGACGGTGACCAGGGTGCCTTGGCCCCAG	CTGAGGAGACGGTGACCAGGGTGCCTGGGCCCCAG	70	26TG8
AY386695_IGHJ2*02_Oryctolagus_cuniculus___234528___234578___-___/content/VDJ-Insights/VDJ-Insights_tutorial_regions/IG/GCA_047496845.1_LepYark_1.0_genomic__TMEM121__-__CM105101.1__extracted__IGH.fasta___bowtie	AY386695_IGHJ2*02_Oryctolagus_cuniculus	98.000	50	1	0	1	50	50	1	5.29e-22	91.7	CTGAGGAGACGGTGACCAGGGTGCCTTGGCCCCAGGGATCGAAAGCATCA	CTGAGGAGACGGTGACCAGGGTGCCTGGGCCCCAGGGATCGAAAGCATCA	100	26TG23
AY386695_IGHJ2*02_Oryctolagus_cuniculus___234528___234578___-___/content/VDJ-Insights/VDJ-Insights_tutorial_regions/IG/GCA_047496845.1_LepYark_1.0_genomic__TMEM121__-__CM105101.1__extracted__IGH.fasta___bowtie	M24223_IGHJ2*01_Oryctolagus_cuniculus	96.000	50	2	0	1	50	50	1	1.29e-19	83.8	CTGAGGAGACGGTGACCAGGGTGCCTTGGCCCCAGGGATCGAAAGCATCA	CTGAGGAGACGGTGACCAGGGTGCCTGGGCCCCAGGGATCAAAAGCATCA	100	26TG13GA9
AY386695_IGHJ2*02_Oryctolagus_cuniculus___234528___234578___-___/content/VDJ-Insights/VDJ-Insights_tutorial_regions/IG/GCA_047496845.1_LepYark_1.0_genomic__TMEM121__-__CM105101.1__extracted__IGH.fasta___bowtie	AY386695_IGHJ3*02_Oryctolagus_cuniculus	97.500	40	1	0	1	40	51	12	4.91e-16	71.9	CTGAGGAGACGGTGACCAGGGTGCCTTGGCCCCAGGGATC	CTGAGGAGACGGTGACCAGGGTGCCCTGGCCCCAGGGATC	80	25TC14
AY386695_IGHJ2*02_Oryctolagus_cuniculus___234528___234578___-___/content/VDJ-Insights/VDJ-Insights_tutorial_regions/IG/GCA_047496845.1_LepYark_1.0_genomic__TMEM121__-__CM105101.1__extracted__IGH.fasta___bowtie	M24223_IGHJ3*01_Oryctolagus_cuniculus	95.000	40	2	0	1	40	53	14	1.20e-13	63.9	CTGAGGAGACGGTGACCAGGGTGCCTTGGCCCCAGGGATC	CTGAGGAGACGGTGACCAGGGTGCCCTGGCCCCAGAGATC	80	25TC9GA4
AY386695_IGHJ2*02_Oryctolagus_cuniculus___234528___234578___-___/content/VDJ-Insights/VDJ-Insights_tutorial_regions/IG/GCA_047496845.1_LepYark_1.0_genomic__TMEM121__-__CM105101.1__extracted__IGH.fasta___bowtie	AY386695_IGHJ4*02_Oryctolagus_cuniculus	97.143	35	1	0	1	35	48	14	4.73e-13	61.9	CTGAGGAGACGGTGACCAGGGTGCCTTGGCCCCAG	CTGAGGAGACGGTGACCAGGGTGCCTGGGCCCCAG	70	26TG8
AY386695_IGHD8-1*01_Oryctolagus_cuniculus___258432___258458___-___/content/VDJ-Insights/VDJ-Insights_tutorial_regions/IG/GCA_047496845.1_LepYark_1.0_genomic__TMEM121__-__CM105101.1__extracted__IGH.fasta___bowtie	AY386695_IGHD8-1*01_Oryctolagus_cuniculus	100.000	26	0	0	1	26	26	1	1.82e-10	52.0	GGTATAATAACTACTACCAGCATAAC	GGTATAATAACTACTACCAGCATAAC	100	26
AY386695_IGHD8-1*01_Oryctolagus_cuniculus___258432___258458___-___/content/VDJ-Insights/VDJ-Insights_tutorial_regions/IG/GCA_047496845.1_LepYark_1.0_genomic__TMEM121__-__CM105101.1__extracted__IGH.fasta___bowtie	M93183_IGHV1S45*01_Oryctolagus_cuniculus	100.000	16	0	0	10	25	171	156	1.69e-04	32.2	ACTACTACCAGCATAA	ACTACTACCAGCATAA	62	16
AY386695_IGHD8-1*01_Oryctolagus_cuniculus___258432___258458___-___/content/VDJ-Insights/VDJ-Insights_tutorial_regions/IG/GCA_047496845.1_LepYark_1.0_genomic__TMEM121__-__CM105101.1__extracted__IGH.fasta___bowtie	M93183_IGHV1S45*01_Oryctolagus_cuniculus	100.000	8	0	0	17	24	111	104	10	16.4	CCAGCATA	CCAGCATA	62	8
AY386695_IGHD8-1*01_Oryctolagus_cuniculus___258432___258458___-___/content/VDJ-Insights/VDJ-Insights_tutorial_regions/IG/GCA_047496845.1_LepYark_1.0_genomic__TMEM121__-__CM105101.1__extracted__IGH.fasta___bowtie	M93173_IGHV1S40*01_Oryctolagus_cuniculus	100.000	16	0	0	10	25	168	153	1.69e-04	32.2	ACTACTACCAGCATAA	ACTACTACCAGCATAA	62	16
AY386695_IGHD8-1*01_Oryctolagus_cuniculus___258432___258458___-___/content/VDJ-Insights/VDJ-Insights_tutorial_regions/IG/GCA_047496845.1_LepYark_1.0_genomic__TMEM121__-__CM105101.1__extracted__IGH.fasta___bowtie	M93173_IGHV1S40*01_Oryctolagus_cuniculus	100.000	7	0	0	11	17	93	99	40	14.4	CTACTAC	CTACTAC	62	7
AY386695_IGHD8-1*01_Oryctolagus_cuniculus___258432___258458___-___/content/VDJ-Insights/VDJ-Insights_tutorial_regions/IG/GCA_047496845.1_LepYark_1.0_genomic__TMEM121__-__CM105101.1__extracted__IGH.fasta___bowtie	AY386695_IGHD4-2*01_Oryctolagus_cuniculus	100.000	16	0	0	11	26	16	1	1.69e-04	32.2	CTACTACCAGCATAAC	CTACTACCAGCATAAC	62	16
AY386695_IGHD8-1*01_Oryctolagus_cuniculus___258432___258458___-___/content/VDJ-Insights/VDJ-Insights_tutorial_regions/IG/GCA_047496845.1_LepYark_1.0_genomic__TMEM121__-__CM105101.1__extracted__IGH.fasta___bowtie	AY386694_IGHV1S7*01_Oryctolagus_cuniculus	100.000	13	0	0	13	25	162	150	0.010	26.3	ACTACCAGCATAA	ACTACCAGCATAA	58	13
AY386695_IGHD8-1*01_Oryctolagus_cuniculus___258432___258458___-___/content/VDJ-Insights/VDJ-Insights_tutorial_regions/IG/GCA_047496845.1_LepYark_1.0_genomic__TMEM121__-__CM105101.1__extracted__IGH.fasta___bowtie	AY386694_IGHV1S7*01_Oryctolagus_cuniculus	100.000	7	0	0	11	17	90	96	40	14.4	CTACTAC	CTACTAC	58	7
AY386697_IGHD2-1*01_Oryctolagus_cuniculus___259698___259723___-___/content/VDJ-Insights/VDJ-Insights_tutorial_regions/IG/GCA_047496845.1_LepYark_1.0_genomic__TMEM121__-__CM105101.1__extracted__IGH.fasta___bowtie	AY386697_IGHD2-1*01_Oryctolagus_cuniculus	100.000	25	0	0	1	25	25	1	6.75e-10	50.1	GTAATCACCATAGTCATCGTAGCTA	GTAATCACCATAGTCATCGTAGCTA	100	25
AY386697_IGHD2-1*01_Oryctolagus_cuniculus___259698___259723___-___/content/VDJ-Insights/VDJ-Insights_tutorial_regions/IG/GCA_047496845.1_LepYark_1.0_genomic__TMEM121__-__CM105101.1__extracted__IGH.fasta___bowtie	NW_003159316_IGLV6S2*01_Oryctolagus_cuniculus_Thorbecke_inbred	100.000	13	0	0	6	18	135	147	0.010	26.3	CACCATAGTCATC	CACCATAGTCATC	52	13
AY386697_IGHD2-1*01_Oryctolagus_cuniculus___259698___259723___-___/content/VDJ-Insights/VDJ-Insights_tutorial_regions/IG/GCA_047496845.1_LepYark_1.0_genomic__TMEM121__-__CM105101.1__extracted__IGH.fasta___bowtie	K02440_IGKV1S4*01_Oryctolagus_cuniculus	100.000	9	0	0	3	11	54	62	2.4	18.3	AATCACCAT	AATCACCAT	36	9
AY386697_IGHD2-1*01_Oryctolagus_cuniculus___259698___259723___-___/content/VDJ-Insights/VDJ-Insights_tutorial_regions/IG/GCA_047496845.1_LepYark_1.0_genomic__TMEM121__-__CM105101.1__extracted__IGH.fasta___bowtie	K02440_IGKV1S4*01_Oryctolagus_cuniculus	100.000	7	0	0	5	11	218	224	37	14.4	TCACCAT	TCACCAT	36	7
AY386697_IGHD2-1*01_Oryctolagus_cuniculus___259698___259723___-___/content/VDJ-Insights/VDJ-Insights_tutorial_regions/IG/GCA_047496845.1_LepYark_1.0_genomic__TMEM121__-__CM105101.1__extracted__IGH.fasta___bowtie	AF177002_IGHV1S54*01_Oryctolagus_cuniculus	100.000	9	0	0	17	25	95	87	2.4	18.3	TCGTAGCTA	TCGTAGCTA	68	9
AY386697_IGHD2-1*01_Oryctolagus_cuniculus___259698___259723___-___/content/VDJ-Insights/VDJ-Insights_tutorial_regions/IG/GCA_047496845.1_LepYark_1.0_genomic__TMEM121__-__CM105101.1__extracted__IGH.fasta___bowtie	AF177002_IGHV1S54*01_Oryctolagus_cuniculus	100.000	7	0	0	5	11	77	83	37	14.4	TCACCAT	TCACCAT	68	7
AY386697_IGHD2-1*01_Oryctolagus_cuniculus___259698___259723___-___/content/VDJ-Insights/VDJ-Insights_tutorial_regions/IG/GCA_047496845.1_LepYark_1.0_genomic__TMEM121__-__CM105101.1__extracted__IGH.fasta___bowtie	AF177002_IGHV1S54*01_Oryctolagus_cuniculus	100.000	7	0	0	19	25	86	92	37	14.4	GTAGCTA	GTAGCTA	68	7
AY386697_IGHD2-1*01_Oryctolagus_cuniculus___259698___259723___-___/content/VDJ-Insights/VDJ-Insights_tutorial_regions/IG/GCA_047496845.1_LepYark_1.0_genomic__TMEM121__-__CM105101.1__extracted__IGH.fasta___bowtie	AF177002_IGHV1S54*01_Oryctolagus_cuniculus	100.000	7	0	0	4	10	202	208	37	14.4	ATCACCA	ATCACCA	68	7
AY386697_IGHD2-1*01_Oryctolagus_cuniculus___259698___259723___-___/content/VDJ-Insights/VDJ-Insights_tutorial_regions/IG/GCA_047496845.1_LepYark_1.0_genomic__TMEM121__-__CM105101.1__extracted__IGH.fasta___bowtie	AY386697_IGHV1S28*01_Oryctolagus_cuniculus	100.000	9	0	0	17	25	95	87	2.4	18.3	TCGTAGCTA	TCGTAGCTA	72	9
AY386697_IGHD2-1*01_Oryctolagus_cuniculus___259698___259723___-___/content/VDJ-Insights/VDJ-Insights_tutorial_regions/IG/GCA_047496845.1_LepYark_1.0_genomic__TMEM121__-__CM105101.1__extracted__IGH.fasta___bowtie	AY386697_IGHV1S28*01_Oryctolagus_cuniculus	100.000	7	0	0	5	11	77	83	37	14.4	TCACCAT	TCACCAT	72	7
AY386697_IGHD2-1*01_Oryctolagus_cuniculus___259698___259723___-___/content/VDJ-Insights/VDJ-Insights_tutorial_regions/IG/GCA_047496845.1_LepYark_1.0_genomic__TMEM121__-__CM105101.1__extracted__IGH.fasta___bowtie	AY386697_IGHV1S28*01_Oryctolagus_cuniculus	100.000	7	0	0	19	25	86	92	37	14.4	GTAGCTA	GTAGCTA	72	7
AY386697_IGHD2-1*01_Oryctolagus_cuniculus___259698___259723___-___/content/VDJ-Insights/VDJ-Insights_tutorial_regions/IG/GCA_047496845.1_LepYark_1.0_genomic__TMEM121__-__CM105101.1__extracted__IGH.fasta___bowtie	AY386697_IGHV1S28*01_Oryctolagus_cuniculus	100.000	7	0	0	4	10	202	208	37	14.4	ATCACCA	ATCACCA	72	7
AY386697_IGHD2-1*01_Oryctolagus_cuniculus___259698___259723___-___/content/VDJ-Insights/VDJ-Insights_tutorial_regions/IG/GCA_047496845.1_LepYark_1.0_genomic__TMEM121__-__CM105101.1__extracted__IGH.fasta___bowtie	AY386697_IGHV1S28*01_Oryctolagus_cuniculus	100.000	7	0	0	6	12	160	154	37	14.4	CACCATA	CACCATA	72	7
AY386695_IGHD7-1*01_Oryctolagus_cuniculus___262643___262669___-___/content/VDJ-Insights/VDJ-Insights_tutorial_regions/IG/GCA_047496845.1_LepYark_1.0_genomic__TMEM121__-__CM105101.1__extracted__IGH.fasta___bowtie	AY386695_IGHD7-1*01_Oryctolagus_cuniculus	96.154	26	1	0	1	26	26	1	4.44e-08	44.1	GGTACCAGTACTATAACCAGCATAAC	GGTACCAGTACTATAACCAGGATAAC	100	20CG5
AY386695_IGHD7-1*01_Oryctolagus_cuniculus___262643___262669___-___/content/VDJ-Insights/VDJ-Insights_tutorial_regions/IG/GCA_047496845.1_LepYark_1.0_genomic__TMEM121__-__CM105101.1__extracted__IGH.fasta___bowtie	AY386695_IGHD8-1*01_Oryctolagus_cuniculus	100.000	11	0	0	16	26	11	1	0.16	22.3	ACCAGCATAAC	ACCAGCATAAC	42	11
AY386695_IGHD7-1*01_Oryctolagus_cuniculus___262643___262669___-___/content/VDJ-Insights/VDJ-Insights_tutorial_regions/IG/GCA_047496845.1_LepYark_1.0_genomic__TMEM121__-__CM105101.1__extracted__IGH.fasta___bowtie	AY386695_IGHD4-2*01_Oryctolagus_cuniculus	100.000	11	0	0	16	26	11	1	0.16	22.3	ACCAGCATAAC	ACCAGCATAAC	42	11
AY386695_IGHD7-1*01_Oryctolagus_cuniculus___262643___262669___-___/content/VDJ-Insights/VDJ-Insights_tutorial_regions/IG/GCA_047496845.1_LepYark_1.0_genomic__TMEM121__-__CM105101.1__extracted__IGH.fasta___bowtie	NW_003159316_IGLV6S1*01_Oryctolagus_cuniculus_Thorbecke_inbred	100.000	11	0	0	1	11	112	102	0.16	22.3	GGTACCAGTAC	GGTACCAGTAC	81	11
AY386695_IGHD7-1*01_Oryctolagus_cuniculus___262643___262669___-___/content/VDJ-Insights/VDJ-Insights_tutorial_regions/IG/GCA_047496845.1_LepYark_1.0_genomic__TMEM121__-__CM105101.1__extracted__IGH.fasta___bowtie	NW_003159316_IGLV6S1*01_Oryctolagus_cuniculus_Thorbecke_inbred	100.000	8	0	0	1	8	107	114	10	16.4	GGTACCAG	GGTACCAG	81	8
AY386695_IGHD7-1*01_Oryctolagus_cuniculus___262643___262669___-___/content/VDJ-Insights/VDJ-Insights_tutorial_regions/IG/GCA_047496845.1_LepYark_1.0_genomic__TMEM121__-__CM105101.1__extracted__IGH.fasta___bowtie	NW_003159316_IGLV6S1*01_Oryctolagus_cuniculus_Thorbecke_inbred	100.000	8	0	0	13	20	285	278	10	16.4	ATAACCAG	ATAACCAG	81	8
AY386695_IGHD7-1*01_Oryctolagus_cuniculus___262643___262669___-___/content/VDJ-Insights/VDJ-Insights_tutorial_regions/IG/GCA_047496845.1_LepYark_1.0_genomic__TMEM121__-__CM105101.1__extracted__IGH.fasta___bowtie	NW_003159316_IGLV6S1*01_Oryctolagus_cuniculus_Thorbecke_inbred	100.000	7	0	0	16	22	110	116	40	14.4	ACCAGCA	ACCAGCA	81	7
AY386695_IGHD7-1*01_Oryctolagus_cuniculus___262643___262669___-___/content/VDJ-Insights/VDJ-Insights_tutorial_regions/IG/GCA_047496845.1_LepYark_1.0_genomic__TMEM121__-__CM105101.1__extracted__IGH.fasta___bowtie	NW_003159316_IGLV2S1*01_Oryctolagus_cuniculus_Thorbecke_inbred	100.000	11	0	0	1	11	115	105	0.16	22.3	GGTACCAGTAC	GGTACCAGTAC	42	11
AY386695_IGHD4-2*01_Oryctolagus_cuniculus___264988___265012___-___/content/VDJ-Insights/VDJ-Insights_tutorial_regions/IG/GCA_047496845.1_LepYark_1.0_genomic__TMEM121__-__CM105101.1__extracted__IGH.fasta___bowtie	AY386695_IGHD4-2*01_Oryctolagus_cuniculus	100.000	21	0	0	4	24	21	1	1.54e-07	42.1	CCCAGCTACTACCAGCATAAC	CCCAGCTACTACCAGCATAAC	88	21
AY386695_IGHD4-2*01_Oryctolagus_cuniculus___264988___265012___-___/content/VDJ-Insights/VDJ-Insights_tutorial_regions/IG/GCA_047496845.1_LepYark_1.0_genomic__TMEM121__-__CM105101.1__extracted__IGH.fasta___bowtie	AY386695_IGHD8-1*01_Oryctolagus_cuniculus	100.000	16	0	0	9	24	16	1	1.48e-04	32.2	CTACTACCAGCATAAC	CTACTACCAGCATAAC	67	16
AY386695_IGHD4-2*01_Oryctolagus_cuniculus___264988___265012___-___/content/VDJ-Insights/VDJ-Insights_tutorial_regions/IG/GCA_047496845.1_LepYark_1.0_genomic__TMEM121__-__CM105101.1__extracted__IGH.fasta___bowtie	M93183_IGHV1S45*01_Oryctolagus_cuniculus	100.000	15	0	0	9	23	170	156	5.84e-04	30.2	CTACTACCAGCATAA	CTACTACCAGCATAA	83	15
AY386695_IGHD4-2*01_Oryctolagus_cuniculus___264988___265012___-___/content/VDJ-Insights/VDJ-Insights_tutorial_regions/IG/GCA_047496845.1_LepYark_1.0_genomic__TMEM121__-__CM105101.1__extracted__IGH.fasta___bowtie	M93183_IGHV1S45*01_Oryctolagus_cuniculus	100.000	8	0	0	6	13	93	100	8.8	16.4	CAGCTACT	CAGCTACT	83	8
AY386695_IGHD4-2*01_Oryctolagus_cuniculus___264988___265012___-___/content/VDJ-Insights/VDJ-Insights_tutorial_regions/IG/GCA_047496845.1_LepYark_1.0_genomic__TMEM121__-__CM105101.1__extracted__IGH.fasta___bowtie	M93183_IGHV1S45*01_Oryctolagus_cuniculus	100.000	8	0	0	15	22	111	104	8.8	16.4	CCAGCATA	CCAGCATA	83	8
AY386695_IGHD4-2*01_Oryctolagus_cuniculus___264988___265012___-___/content/VDJ-Insights/VDJ-Insights_tutorial_regions/IG/GCA_047496845.1_LepYark_1.0_genomic__TMEM121__-__CM105101.1__extracted__IGH.fasta___bowtie	M93183_IGHV1S45*01_Oryctolagus_cuniculus	100.000	7	0	0	4	10	196	190	35	14.4	CCCAGCT	CCCAGCT	83	7
AY386695_IGHD4-2*01_Oryctolagus_cuniculus___264988___265012___-___/content/VDJ-Insights/VDJ-Insights_tutorial_regions/IG/GCA_047496845.1_LepYark_1.0_genomic__TMEM121__-__CM105101.1__extracted__IGH.fasta___bowtie	M93173_IGHV1S40*01_Oryctolagus_cuniculus	100.000	15	0	0	9	23	167	153	5.84e-04	30.2	CTACTACCAGCATAA	CTACTACCAGCATAA	83	15
AY386695_IGHD4-2*01_Oryctolagus_cuniculus___264988___265012___-___/content/VDJ-Insights/VDJ-Insights_tutorial_regions/IG/GCA_047496845.1_LepYark_1.0_genomic__TMEM121__-__CM105101.1__extracted__IGH.fasta___bowtie	M93173_IGHV1S40*01_Oryctolagus_cuniculus	100.000	10	0	0	6	15	90	99	0.56	20.3	CAGCTACTAC	CAGCTACTAC	83	10
AY386695_IGHD4-2*01_Oryctolagus_cuniculus___264988___265012___-___/content/VDJ-Insights/VDJ-Insights_tutorial_regions/IG/GCA_047496845.1_LepYark_1.0_genomic__TMEM121__-__CM105101.1__extracted__IGH.fasta___bowtie	M93173_IGHV1S40*01_Oryctolagus_cuniculus	100.000	7	0	0	4	10	193	187	35	14.4	CCCAGCT	CCCAGCT	83	7
AY386695_IGHD4-2*01_Oryctolagus_cuniculus___264988___265012___-___/content/VDJ-Insights/VDJ-Insights_tutorial_regions/IG/GCA_047496845.1_LepYark_1.0_genomic__TMEM121__-__CM105101.1__extracted__IGH.fasta___bowtie	AY386694_IGHV1S7*01_Oryctolagus_cuniculus	100.000	13	0	0	11	23	162	150	0.009	26.3	ACTACCAGCATAA	ACTACCAGCATAA	83	13
AY386695_IGHD4-2*01_Oryctolagus_cuniculus___264988___265012___-___/content/VDJ-Insights/VDJ-Insights_tutorial_regions/IG/GCA_047496845.1_LepYark_1.0_genomic__TMEM121__-__CM105101.1__extracted__IGH.fasta___bowtie	AY386694_IGHV1S7*01_Oryctolagus_cuniculus	100.000	9	0	0	7	15	88	96	2.2	18.3	AGCTACTAC	AGCTACTAC	83	9
AY386695_IGHD4-2*01_Oryctolagus_cuniculus___264988___265012___-___/content/VDJ-Insights/VDJ-Insights_tutorial_regions/IG/GCA_047496845.1_LepYark_1.0_genomic__TMEM121__-__CM105101.1__extracted__IGH.fasta___bowtie	AY386694_IGHV1S7*01_Oryctolagus_cuniculus	100.000	8	0	0	4	11	187	180	8.8	16.4	CCCAGCTA	CCCAGCTA	83	8
AY386695_IGHD4-2*01_Oryctolagus_cuniculus___264988___265012___-___/content/VDJ-Insights/VDJ-Insights_tutorial_regions/IG/GCA_047496845.1_LepYark_1.0_genomic__TMEM121__-__CM105101.1__extracted__IGH.fasta___bowtie	AY386694_IGHV1S7*01_Oryctolagus_cuniculus	100.000	7	0	0	7	13	91	85	35	14.4	AGCTACT	AGCTACT	83	7
AY386697_IGHD2-1*01_Oryctolagus_cuniculus___266883___266908___-___/content/VDJ-Insights/VDJ-Insights_tutorial_regions/IG/GCA_047496845.1_LepYark_1.0_genomic__TMEM121__-__CM105101.1__extracted__IGH.fasta___bowtie	AY386697_IGHD2-1*01_Oryctolagus_cuniculus	100.000	25	0	0	1	25	25	1	6.75e-10	50.1	GTAATCACCATAGTCATCGTAGCTA	GTAATCACCATAGTCATCGTAGCTA	100	25
AY386697_IGHD2-1*01_Oryctolagus_cuniculus___266883___266908___-___/content/VDJ-Insights/VDJ-Insights_tutorial_regions/IG/GCA_047496845.1_LepYark_1.0_genomic__TMEM121__-__CM105101.1__extracted__IGH.fasta___bowtie	NW_003159316_IGLV6S2*01_Oryctolagus_cuniculus_Thorbecke_inbred	100.000	13	0	0	6	18	135	147	0.010	26.3	CACCATAGTCATC	CACCATAGTCATC	52	13
AY386697_IGHD2-1*01_Oryctolagus_cuniculus___266883___266908___-___/content/VDJ-Insights/VDJ-Insights_tutorial_regions/IG/GCA_047496845.1_LepYark_1.0_genomic__TMEM121__-__CM105101.1__extracted__IGH.fasta___bowtie	K02440_IGKV1S4*01_Oryctolagus_cuniculus	100.000	9	0	0	3	11	54	62	2.4	18.3	AATCACCAT	AATCACCAT	36	9
AY386697_IGHD2-1*01_Oryctolagus_cuniculus___266883___266908___-___/content/VDJ-Insights/VDJ-Insights_tutorial_regions/IG/GCA_047496845.1_LepYark_1.0_genomic__TMEM121__-__CM105101.1__extracted__IGH.fasta___bowtie	K02440_IGKV1S4*01_Oryctolagus_cuniculus	100.000	7	0	0	5	11	218	224	37	14.4	TCACCAT	TCACCAT	36	7
AY386697_IGHD2-1*01_Oryctolagus_cuniculus___266883___266908___-___/content/VDJ-Insights/VDJ-Insights_tutorial_regions/IG/GCA_047496845.1_LepYark_1.0_genomic__TMEM121__-__CM105101.1__extracted__IGH.fasta___bowtie	AF177002_IGHV1S54*01_Oryctolagus_cuniculus	100.000	9	0	0	17	25	95	87	2.4	18.3	TCGTAGCTA	TCGTAGCTA	68	9
AY386697_IGHD2-1*01_Oryctolagus_cuniculus___266883___266908___-___/content/VDJ-Insights/VDJ-Insights_tutorial_regions/IG/GCA_047496845.1_LepYark_1.0_genomic__TMEM121__-__CM105101.1__extracted__IGH.fasta___bowtie	AF177002_IGHV1S54*01_Oryctolagus_cuniculus	100.000	7	0	0	5	11	77	83	37	14.4	TCACCAT	TCACCAT	68	7
AY386697_IGHD2-1*01_Oryctolagus_cuniculus___266883___266908___-___/content/VDJ-Insights/VDJ-Insights_tutorial_regions/IG/GCA_047496845.1_LepYark_1.0_genomic__TMEM121__-__CM105101.1__extracted__IGH.fasta___bowtie	AF177002_IGHV1S54*01_Oryctolagus_cuniculus	100.000	7	0	0	19	25	86	92	37	14.4	GTAGCTA	GTAGCTA	68	7
AY386697_IGHD2-1*01_Oryctolagus_cuniculus___266883___266908___-___/content/VDJ-Insights/VDJ-Insights_tutorial_regions/IG/GCA_047496845.1_LepYark_1.0_genomic__TMEM121__-__CM105101.1__extracted__IGH.fasta___bowtie	AF177002_IGHV1S54*01_Oryctolagus_cuniculus	100.000	7	0	0	4	10	202	208	37	14.4	ATCACCA	ATCACCA	68	7
AY386697_IGHD2-1*01_Oryctolagus_cuniculus___266883___266908___-___/content/VDJ-Insights/VDJ-Insights_tutorial_regions/IG/GCA_047496845.1_LepYark_1.0_genomic__TMEM121__-__CM105101.1__extracted__IGH.fasta___bowtie	AY386697_IGHV1S28*01_Oryctolagus_cuniculus	100.000	9	0	0	17	25	95	87	2.4	18.3	TCGTAGCTA	TCGTAGCTA	72	9
AY386697_IGHD2-1*01_Oryctolagus_cuniculus___266883___266908___-___/content/VDJ-Insights/VDJ-Insights_tutorial_regions/IG/GCA_047496845.1_LepYark_1.0_genomic__TMEM121__-__CM105101.1__extracted__IGH.fasta___bowtie	AY386697_IGHV1S28*01_Oryctolagus_cuniculus	100.000	7	0	0	5	11	77	83	37	14.4	TCACCAT	TCACCAT	72	7
AY386697_IGHD2-1*01_Oryctolagus_cuniculus___266883___266908___-___/content/VDJ-Insights/VDJ-Insights_tutorial_regions/IG/GCA_047496845.1_LepYark_1.0_genomic__TMEM121__-__CM105101.1__extracted__IGH.fasta___bowtie	AY386697_IGHV1S28*01_Oryctolagus_cuniculus	100.000	7	0	0	19	25	86	92	37	14.4	GTAGCTA	GTAGCTA	72	7
AY386697_IGHD2-1*01_Oryctolagus_cuniculus___266883___266908___-___/content/VDJ-Insights/VDJ-Insights_tutorial_regions/IG/GCA_047496845.1_LepYark_1.0_genomic__TMEM121__-__CM105101.1__extracted__IGH.fasta___bowtie	AY386697_IGHV1S28*01_Oryctolagus_cuniculus	100.000	7	0	0	4	10	202	208	37	14.4	ATCACCA	ATCACCA	72	7
AY386697_IGHD2-1*01_Oryctolagus_cuniculus___266883___266908___-___/content/VDJ-Insights/VDJ-Insights_tutorial_regions/IG/GCA_047496845.1_LepYark_1.0_genomic__TMEM121__-__CM105101.1__extracted__IGH.fasta___bowtie	AY386697_IGHV1S28*01_Oryctolagus_cuniculus	100.000	7	0	0	6	12	160	154	37	14.4	CACCATA	CACCATA	72	7
AY386697_IGHD4-1*01_Oryctolagus_cuniculus___269686___269710___-___/content/VDJ-Insights/VDJ-Insights_tutorial_regions/IG/GCA_047496845.1_LepYark_1.0_genomic__TMEM121__-__CM105101.1__extracted__IGH.fasta___bowtie	AY386697_IGHD4-1*01_Oryctolagus_cuniculus	95.833	24	1	0	1	24	24	1	6.07e-07	40.1	CACCCCAGCCGCTACTATAGTAAC	CACCCCAGCCACTACTATAGTAAC	100	10GA13
AY386697_IGHD4-1*01_Oryctolagus_cuniculus___269686___269710___-___/content/VDJ-Insights/VDJ-Insights_tutorial_regions/IG/GCA_047496845.1_LepYark_1.0_genomic__TMEM121__-__CM105101.1__extracted__IGH.fasta___bowtie	AY386697_IGHD4-1*01_Oryctolagus_cuniculus	100.000	10	0	0	13	22	3	12	0.56	20.3	TACTATAGTA	TACTATAGTA	100	10
AY386697_IGHD4-1*01_Oryctolagus_cuniculus___269686___269710___-___/content/VDJ-Insights/VDJ-Insights_tutorial_regions/IG/GCA_047496845.1_LepYark_1.0_genomic__TMEM121__-__CM105101.1__extracted__IGH.fasta___bowtie	AY386695_IGHD6-1*01_Oryctolagus_cuniculus	100.000	11	0	0	14	24	11	1	0.14	22.3	ACTATAGTAAC	ACTATAGTAAC	50	11
AY386697_IGHD4-1*01_Oryctolagus_cuniculus___269686___269710___-___/content/VDJ-Insights/VDJ-Insights_tutorial_regions/IG/GCA_047496845.1_LepYark_1.0_genomic__TMEM121__-__CM105101.1__extracted__IGH.fasta___bowtie	AY386695_IGHD6-1*01_Oryctolagus_cuniculus	100.000	9	0	0	13	21	3	11	2.2	18.3	TACTATAGT	TACTATAGT	50	9
AY386697_IGHD4-1*01_Oryctolagus_cuniculus___269686___269710___-___/content/VDJ-Insights/VDJ-Insights_tutorial_regions/IG/GCA_047496845.1_LepYark_1.0_genomic__TMEM121__-__CM105101.1__extracted__IGH.fasta___bowtie	NW_003159316_IGLV5S10*01_Oryctolagus_cuniculus_Thorbecke_inbred	100.000	11	0	0	3	13	192	202	0.14	22.3	CCCCAGCCGCT	CCCCAGCCGCT	46	11
AY386697_IGHD4-1*01_Oryctolagus_cuniculus___269686___269710___-___/content/VDJ-Insights/VDJ-Insights_tutorial_regions/IG/GCA_047496845.1_LepYark_1.0_genomic__TMEM121__-__CM105101.1__extracted__IGH.fasta___bowtie	NW_003159316_IGLV5S10*01_Oryctolagus_cuniculus_Thorbecke_inbred	100.000	7	0	0	6	12	16	22	35	14.4	CAGCCGC	CAGCCGC	46	7
AY386697_IGHD4-1*01_Oryctolagus_cuniculus___269686___269710___-___/content/VDJ-Insights/VDJ-Insights_tutorial_regions/IG/GCA_047496845.1_LepYark_1.0_genomic__TMEM121__-__CM105101.1__extracted__IGH.fasta___bowtie	NW_003159316_IGLV5S8*01_Oryctolagus_cuniculus_Thorbecke_inbred	92.857	14	1	0	5	18	187	200	0.56	20.3	CCAGCCGCTACTAT	CCAGCCGCTTCTAT	75	9AT4
AY386697_IGHD4-1*01_Oryctolagus_cuniculus___269686___269710___-___/content/VDJ-Insights/VDJ-Insights_tutorial_regions/IG/GCA_047496845.1_LepYark_1.0_genomic__TMEM121__-__CM105101.1__extracted__IGH.fasta___bowtie	NW_003159316_IGLV5S8*01_Oryctolagus_cuniculus_Thorbecke_inbred	100.000	8	0	0	1	8	185	178	8.8	16.4	CACCCCAG	CACCCCAG	75	8
AY386697_IGHD4-1*01_Oryctolagus_cuniculus___269686___269710___-___/content/VDJ-Insights/VDJ-Insights_tutorial_regions/IG/GCA_047496845.1_LepYark_1.0_genomic__TMEM121__-__CM105101.1__extracted__IGH.fasta___bowtie	NW_003159316_IGLV5S8*01_Oryctolagus_cuniculus_Thorbecke_inbred	100.000	7	0	0	6	12	16	22	35	14.4	CAGCCGC	CAGCCGC	75	7
AY386697_IGHD4-1*01_Oryctolagus_cuniculus___269686___269710___-___/content/VDJ-Insights/VDJ-Insights_tutorial_regions/IG/GCA_047496845.1_LepYark_1.0_genomic__TMEM121__-__CM105101.1__extracted__IGH.fasta___bowtie	NW_003159316_IGLV5S5*01_Oryctolagus_cuniculus_Thorbecke_inbred	100.000	10	0	0	4	13	193	202	0.56	20.3	CCCAGCCGCT	CCCAGCCGCT	54	10
AY386697_IGHD4-1*01_Oryctolagus_cuniculus___269686___269710___-___/content/VDJ-Insights/VDJ-Insights_tutorial_regions/IG/GCA_047496845.1_LepYark_1.0_genomic__TMEM121__-__CM105101.1__extracted__IGH.fasta___bowtie	NW_003159316_IGLV5S5*01_Oryctolagus_cuniculus_Thorbecke_inbred	100.000	7	0	0	6	12	16	22	35	14.4	CAGCCGC	CAGCCGC	54	7
AY386697_IGHD4-1*01_Oryctolagus_cuniculus___269686___269710___-___/content/VDJ-Insights/VDJ-Insights_tutorial_regions/IG/GCA_047496845.1_LepYark_1.0_genomic__TMEM121__-__CM105101.1__extracted__IGH.fasta___bowtie	NW_003159316_IGLV5S5*01_Oryctolagus_cuniculus_Thorbecke_inbred	100.000	7	0	0	10	16	307	301	35	14.4	CGCTACT	CGCTACT	54	7
AY386697_IGHD2-1*01_Oryctolagus_cuniculus___271407___271432___-___/content/VDJ-Insights/VDJ-Insights_tutorial_regions/IG/GCA_047496845.1_LepYark_1.0_genomic__TMEM121__-__CM105101.1__extracted__IGH.fasta___bowtie	AY386697_IGHD2-1*01_Oryctolagus_cuniculus	100.000	25	0	0	1	25	25	1	6.75e-10	50.1	GTAATCACCATAGTCATCGTAGCTA	GTAATCACCATAGTCATCGTAGCTA	100	25
AY386697_IGHD2-1*01_Oryctolagus_cuniculus___271407___271432___-___/content/VDJ-Insights/VDJ-Insights_tutorial_regions/IG/GCA_047496845.1_LepYark_1.0_genomic__TMEM121__-__CM105101.1__extracted__IGH.fasta___bowtie	NW_003159316_IGLV6S2*01_Oryctolagus_cuniculus_Thorbecke_inbred	100.000	13	0	0	6	18	135	147	0.010	26.3	CACCATAGTCATC	CACCATAGTCATC	52	13
AY386697_IGHD2-1*01_Oryctolagus_cuniculus___271407___271432___-___/content/VDJ-Insights/VDJ-Insights_tutorial_regions/IG/GCA_047496845.1_LepYark_1.0_genomic__TMEM121__-__CM105101.1__extracted__IGH.fasta___bowtie	K02440_IGKV1S4*01_Oryctolagus_cuniculus	100.000	9	0	0	3	11	54	62	2.4	18.3	AATCACCAT	AATCACCAT	36	9
AY386697_IGHD2-1*01_Oryctolagus_cuniculus___271407___271432___-___/content/VDJ-Insights/VDJ-Insights_tutorial_regions/IG/GCA_047496845.1_LepYark_1.0_genomic__TMEM121__-__CM105101.1__extracted__IGH.fasta___bowtie	K02440_IGKV1S4*01_Oryctolagus_cuniculus	100.000	7	0	0	5	11	218	224	37	14.4	TCACCAT	TCACCAT	36	7
AY386697_IGHD2-1*01_Oryctolagus_cuniculus___271407___271432___-___/content/VDJ-Insights/VDJ-Insights_tutorial_regions/IG/GCA_047496845.1_LepYark_1.0_genomic__TMEM121__-__CM105101.1__extracted__IGH.fasta___bowtie	AF177002_IGHV1S54*01_Oryctolagus_cuniculus	100.000	9	0	0	17	25	95	87	2.4	18.3	TCGTAGCTA	TCGTAGCTA	68	9
AY386697_IGHD2-1*01_Oryctolagus_cuniculus___271407___271432___-___/content/VDJ-Insights/VDJ-Insights_tutorial_regions/IG/GCA_047496845.1_LepYark_1.0_genomic__TMEM121__-__CM105101.1__extracted__IGH.fasta___bowtie	AF177002_IGHV1S54*01_Oryctolagus_cuniculus	100.000	7	0	0	5	11	77	83	37	14.4	TCACCAT	TCACCAT	68	7
AY386697_IGHD2-1*01_Oryctolagus_cuniculus___271407___271432___-___/content/VDJ-Insights/VDJ-Insights_tutorial_regions/IG/GCA_047496845.1_LepYark_1.0_genomic__TMEM121__-__CM105101.1__extracted__IGH.fasta___bowtie	AF177002_IGHV1S54*01_Oryctolagus_cuniculus	100.000	7	0	0	19	25	86	92	37	14.4	GTAGCTA	GTAGCTA	68	7
AY386697_IGHD2-1*01_Oryctolagus_cuniculus___271407___271432___-___/content/VDJ-Insights/VDJ-Insights_tutorial_regions/IG/GCA_047496845.1_LepYark_1.0_genomic__TMEM121__-__CM105101.1__extracted__IGH.fasta___bowtie	AF177002_IGHV1S54*01_Oryctolagus_cuniculus	100.000	7	0	0	4	10	202	208	37	14.4	ATCACCA	ATCACCA	68	7
AY386697_IGHD2-1*01_Oryctolagus_cuniculus___271407___271432___-___/content/VDJ-Insights/VDJ-Insights_tutorial_regions/IG/GCA_047496845.1_LepYark_1.0_genomic__TMEM121__-__CM105101.1__extracted__IGH.fasta___bowtie	AY386697_IGHV1S28*01_Oryctolagus_cuniculus	100.000	9	0	0	17	25	95	87	2.4	18.3	TCGTAGCTA	TCGTAGCTA	72	9
AY386697_IGHD2-1*01_Oryctolagus_cuniculus___271407___271432___-___/content/VDJ-Insights/VDJ-Insights_tutorial_regions/IG/GCA_047496845.1_LepYark_1.0_genomic__TMEM121__-__CM105101.1__extracted__IGH.fasta___bowtie	AY386697_IGHV1S28*01_Oryctolagus_cuniculus	100.000	7	0	0	5	11	77	83	37	14.4	TCACCAT	TCACCAT	72	7
AY386697_IGHD2-1*01_Oryctolagus_cuniculus___271407___271432___-___/content/VDJ-Insights/VDJ-Insights_tutorial_regions/IG/GCA_047496845.1_LepYark_1.0_genomic__TMEM121__-__CM105101.1__extracted__IGH.fasta___bowtie	AY386697_IGHV1S28*01_Oryctolagus_cuniculus	100.000	7	0	0	19	25	86	92	37	14.4	GTAGCTA	GTAGCTA	72	7
AY386697_IGHD2-1*01_Oryctolagus_cuniculus___271407___271432___-___/content/VDJ-Insights/VDJ-Insights_tutorial_regions/IG/GCA_047496845.1_LepYark_1.0_genomic__TMEM121__-__CM105101.1__extracted__IGH.fasta___bowtie	AY386697_IGHV1S28*01_Oryctolagus_cuniculus	100.000	7	0	0	4	10	202	208	37	14.4	ATCACCA	ATCACCA	72	7
AY386697_IGHD2-1*01_Oryctolagus_cuniculus___271407___271432___-___/content/VDJ-Insights/VDJ-Insights_tutorial_regions/IG/GCA_047496845.1_LepYark_1.0_genomic__TMEM121__-__CM105101.1__extracted__IGH.fasta___bowtie	AY386697_IGHV1S28*01_Oryctolagus_cuniculus	100.000	7	0	0	6	12	160	154	37	14.4	CACCATA	CACCATA	72	7
AY386697_IGHD1-1*01_Oryctolagus_cuniculus___272855___272886___-___/content/VDJ-Insights/VDJ-Insights_tutorial_regions/IG/GCA_047496845.1_LepYark_1.0_genomic__TMEM121__-__CM105101.1__extracted__IGH.fasta___bowtie	AY386697_IGHD1-1*01_Oryctolagus_cuniculus	93.548	31	2	0	1	31	31	1	1.48e-08	46.1	GTATATAATAACCACTACTACCACTATATGC	GTATATAATAACCACTACTACTAGTATATGC	100	21CT1CG7
AY386697_IGHD1-1*01_Oryctolagus_cuniculus___272855___272886___-___/content/VDJ-Insights/VDJ-Insights_tutorial_regions/IG/GCA_047496845.1_LepYark_1.0_genomic__TMEM121__-__CM105101.1__extracted__IGH.fasta___bowtie	AY386697_IGHD1-1*01_Oryctolagus_cuniculus	100.000	7	0	0	20	26	21	15	52	14.4	ACCACTA	ACCACTA	100	7
AY386697_IGHD1-1*01_Oryctolagus_cuniculus___272855___272886___-___/content/VDJ-Insights/VDJ-Insights_tutorial_regions/IG/GCA_047496845.1_LepYark_1.0_genomic__TMEM121__-__CM105101.1__extracted__IGH.fasta___bowtie	M93183_IGHV1S45*01_Oryctolagus_cuniculus	100.000	13	0	0	11	23	174	162	0.014	26.3	ACCACTACTACCA	ACCACTACTACCA	52	13
AY386697_IGHD1-1*01_Oryctolagus_cuniculus___272855___272886___-___/content/VDJ-Insights/VDJ-Insights_tutorial_regions/IG/GCA_047496845.1_LepYark_1.0_genomic__TMEM121__-__CM105101.1__extracted__IGH.fasta___bowtie	M93183_IGHV1S45*01_Oryctolagus_cuniculus	100.000	9	0	0	18	26	176	168	3.3	18.3	CTACCACTA	CTACCACTA	52	9
AY386697_IGHD1-1*01_Oryctolagus_cuniculus___272855___272886___-___/content/VDJ-Insights/VDJ-Insights_tutorial_regions/IG/GCA_047496845.1_LepYark_1.0_genomic__TMEM121__-__CM105101.1__extracted__IGH.fasta___bowtie	M93173_IGHV1S40*01_Oryctolagus_cuniculus	100.000	13	0	0	11	23	171	159	0.014	26.3	ACCACTACTACCA	ACCACTACTACCA	52	13
AY386697_IGHD1-1*01_Oryctolagus_cuniculus___272855___272886___-___/content/VDJ-Insights/VDJ-Insights_tutorial_regions/IG/GCA_047496845.1_LepYark_1.0_genomic__TMEM121__-__CM105101.1__extracted__IGH.fasta___bowtie	M93173_IGHV1S40*01_Oryctolagus_cuniculus	100.000	9	0	0	18	26	173	165	3.3	18.3	CTACCACTA	CTACCACTA	52	9
AY386697_IGHD1-1*01_Oryctolagus_cuniculus___272855___272886___-___/content/VDJ-Insights/VDJ-Insights_tutorial_regions/IG/GCA_047496845.1_LepYark_1.0_genomic__TMEM121__-__CM105101.1__extracted__IGH.fasta___bowtie	M93173_IGHV1S40*01_Oryctolagus_cuniculus	100.000	7	0	0	15	21	93	99	52	14.4	CTACTAC	CTACTAC	52	7
AY386697_IGHD1-1*01_Oryctolagus_cuniculus___272855___272886___-___/content/VDJ-Insights/VDJ-Insights_tutorial_regions/IG/GCA_047496845.1_LepYark_1.0_genomic__TMEM121__-__CM105101.1__extracted__IGH.fasta___bowtie	AY386697_IGHV1S34*01_Oryctolagus_cuniculus	100.000	13	0	0	11	23	162	150	0.014	26.3	ACCACTACTACCA	ACCACTACTACCA	52	13
AY386697_IGHD1-1*01_Oryctolagus_cuniculus___272855___272886___-___/content/VDJ-Insights/VDJ-Insights_tutorial_regions/IG/GCA_047496845.1_LepYark_1.0_genomic__TMEM121__-__CM105101.1__extracted__IGH.fasta___bowtie	AY386697_IGHV1S34*01_Oryctolagus_cuniculus	100.000	9	0	0	18	26	164	156	3.3	18.3	CTACCACTA	CTACCACTA	52	9
AY386697_IGHD1-1*01_Oryctolagus_cuniculus___272855___272886___-___/content/VDJ-Insights/VDJ-Insights_tutorial_regions/IG/GCA_047496845.1_LepYark_1.0_genomic__TMEM121__-__CM105101.1__extracted__IGH.fasta___bowtie	AY386697_IGHV1S31*01_Oryctolagus_cuniculus	100.000	13	0	0	11	23	162	150	0.014	26.3	ACCACTACTACCA	ACCACTACTACCA	52	13
AY386697_IGHD1-1*01_Oryctolagus_cuniculus___272855___272886___-___/content/VDJ-Insights/VDJ-Insights_tutorial_regions/IG/GCA_047496845.1_LepYark_1.0_genomic__TMEM121__-__CM105101.1__extracted__IGH.fasta___bowtie	AY386697_IGHV1S31*01_Oryctolagus_cuniculus	100.000	9	0	0	18	26	164	156	3.3	18.3	CTACCACTA	CTACCACTA	52	9
K01360_IGKJ1-5*01_Oryctolagus_cuniculus___46597___46635___-___/content/VDJ-Insights/VDJ-Insights_tutorial_regions/IG/GCA_047496845.1_LepYark_1.0_genomic__RPIA__PAX8__CM105094.1__extracted__IGK.fasta___bowtie	M14067_IGKJ1-5*03_Oryctolagus_cuniculus	100.000	38	0	0	1	38	38	1	2.20e-17	75.8	GTTTGATCTCCAGCTTGGTCTCCTCGCCAAAGGTGATC	GTTTGATCTCCAGCTTGGTCTCCTCGCCAAAGGTGATC	100	38
K01360_IGKJ1-5*01_Oryctolagus_cuniculus___46597___46635___-___/content/VDJ-Insights/VDJ-Insights_tutorial_regions/IG/GCA_047496845.1_LepYark_1.0_genomic__RPIA__PAX8__CM105094.1__extracted__IGK.fasta___bowtie	K01360_IGKJ1-5*01_Oryctolagus_cuniculus	100.000	37	0	0	1	37	38	2	8.70e-17	73.8	GTTTGATCTCCAGCTTGGTCTCCTCGCCAAAGGTGAT	GTTTGATCTCCAGCTTGGTCTCCTCGCCAAAGGTGAT	97	37
K01360_IGKJ1-5*01_Oryctolagus_cuniculus___46597___46635___-___/content/VDJ-Insights/VDJ-Insights_tutorial_regions/IG/GCA_047496845.1_LepYark_1.0_genomic__RPIA__PAX8__CM105094.1__extracted__IGK.fasta___bowtie	K01363_IGKJ1-5*02_Oryctolagus_cuniculus	100.000	35	0	0	1	35	38	4	1.36e-15	69.9	GTTTGATCTCCAGCTTGGTCTCCTCGCCAAAGGTG	GTTTGATCTCCAGCTTGGTCTCCTCGCCAAAGGTG	92	35
K01360_IGKJ1-5*01_Oryctolagus_cuniculus___46597___46635___-___/content/VDJ-Insights/VDJ-Insights_tutorial_regions/IG/GCA_047496845.1_LepYark_1.0_genomic__RPIA__PAX8__CM105094.1__extracted__IGK.fasta___bowtie	X00232_IGKJ2-3*01_Oryctolagus_cuniculus	100.000	19	0	0	1	19	38	20	4.80e-06	38.2	GTTTGATCTCCAGCTTGGT	GTTTGATCTCCAGCTTGGT	82	19
K01360_IGKJ1-5*01_Oryctolagus_cuniculus___46597___46635___-___/content/VDJ-Insights/VDJ-Insights_tutorial_regions/IG/GCA_047496845.1_LepYark_1.0_genomic__RPIA__PAX8__CM105094.1__extracted__IGK.fasta___bowtie	X00232_IGKJ2-3*01_Oryctolagus_cuniculus	100.000	12	0	0	27	38	12	1	0.072	24.3	CCAAAGGTGATC	CCAAAGGTGATC	82	12
K01360_IGKJ1-5*01_Oryctolagus_cuniculus___46597___46635___-___/content/VDJ-Insights/VDJ-Insights_tutorial_regions/IG/GCA_047496845.1_LepYark_1.0_genomic__RPIA__PAX8__CM105094.1__extracted__IGK.fasta___bowtie	X00232_IGKJ2-2*01_Oryctolagus_cuniculus	95.000	20	1	0	1	20	40	21	2.96e-04	32.2	GTTTGATCTCCAGCTTGGTC	GTTTGATCTCCACCTTGGTC	53	12GC7
K01363_IGKJ1-5*02_Oryctolagus_cuniculus___46597___46635___-___/content/VDJ-Insights/VDJ-Insights_tutorial_regions/IG/GCA_047496845.1_LepYark_1.0_genomic__RPIA__PAX8__CM105094.1__extracted__IGK.fasta___bowtie	M14067_IGKJ1-5*03_Oryctolagus_cuniculus	100.000	38	0	0	1	38	38	1	2.20e-17	75.8	GTTTGATCTCCAGCTTGGTCTCCTCGCCAAAGGTGATC	GTTTGATCTCCAGCTTGGTCTCCTCGCCAAAGGTGATC	100	38
K01363_IGKJ1-5*02_Oryctolagus_cuniculus___46597___46635___-___/content/VDJ-Insights/VDJ-Insights_tutorial_regions/IG/GCA_047496845.1_LepYark_1.0_genomic__RPIA__PAX8__CM105094.1__extracted__IGK.fasta___bowtie	K01360_IGKJ1-5*01_Oryctolagus_cuniculus	100.000	37	0	0	1	37	38	2	8.70e-17	73.8	GTTTGATCTCCAGCTTGGTCTCCTCGCCAAAGGTGAT	GTTTGATCTCCAGCTTGGTCTCCTCGCCAAAGGTGAT	97	37
K01363_IGKJ1-5*02_Oryctolagus_cuniculus___46597___46635___-___/content/VDJ-Insights/VDJ-Insights_tutorial_regions/IG/GCA_047496845.1_LepYark_1.0_genomic__RPIA__PAX8__CM105094.1__extracted__IGK.fasta___bowtie	K01363_IGKJ1-5*02_Oryctolagus_cuniculus	100.000	35	0	0	1	35	38	4	1.36e-15	69.9	GTTTGATCTCCAGCTTGGTCTCCTCGCCAAAGGTG	GTTTGATCTCCAGCTTGGTCTCCTCGCCAAAGGTG	92	35
K01363_IGKJ1-5*02_Oryctolagus_cuniculus___46597___46635___-___/content/VDJ-Insights/VDJ-Insights_tutorial_regions/IG/GCA_047496845.1_LepYark_1.0_genomic__RPIA__PAX8__CM105094.1__extracted__IGK.fasta___bowtie	X00232_IGKJ2-3*01_Oryctolagus_cuniculus	100.000	19	0	0	1	19	38	20	4.80e-06	38.2	GTTTGATCTCCAGCTTGGT	GTTTGATCTCCAGCTTGGT	82	19
K01363_IGKJ1-5*02_Oryctolagus_cuniculus___46597___46635___-___/content/VDJ-Insights/VDJ-Insights_tutorial_regions/IG/GCA_047496845.1_LepYark_1.0_genomic__RPIA__PAX8__CM105094.1__extracted__IGK.fasta___bowtie	X00232_IGKJ2-3*01_Oryctolagus_cuniculus	100.000	12	0	0	27	38	12	1	0.072	24.3	CCAAAGGTGATC	CCAAAGGTGATC	82	12
K01363_IGKJ1-5*02_Oryctolagus_cuniculus___46597___46635___-___/content/VDJ-Insights/VDJ-Insights_tutorial_regions/IG/GCA_047496845.1_LepYark_1.0_genomic__RPIA__PAX8__CM105094.1__extracted__IGK.fasta___bowtie	X00232_IGKJ2-2*01_Oryctolagus_cuniculus	95.000	20	1	0	1	20	40	21	2.96e-04	32.2	GTTTGATCTCCAGCTTGGTC	GTTTGATCTCCACCTTGGTC	53	12GC7
M14067_IGKJ1-5*03_Oryctolagus_cuniculus___46597___46635___-___/content/VDJ-Insights/VDJ-Insights_tutorial_regions/IG/GCA_047496845.1_LepYark_1.0_genomic__RPIA__PAX8__CM105094.1__extracted__IGK.fasta___bowtie	M14067_IGKJ1-5*03_Oryctolagus_cuniculus	100.000	38	0	0	1	38	38	1	2.20e-17	75.8	GTTTGATCTCCAGCTTGGTCTCCTCGCCAAAGGTGATC	GTTTGATCTCCAGCTTGGTCTCCTCGCCAAAGGTGATC	100	38
M14067_IGKJ1-5*03_Oryctolagus_cuniculus___46597___46635___-___/content/VDJ-Insights/VDJ-Insights_tutorial_regions/IG/GCA_047496845.1_LepYark_1.0_genomic__RPIA__PAX8__CM105094.1__extracted__IGK.fasta___bowtie	K01360_IGKJ1-5*01_Oryctolagus_cuniculus	100.000	37	0	0	1	37	38	2	8.70e-17	73.8	GTTTGATCTCCAGCTTGGTCTCCTCGCCAAAGGTGAT	GTTTGATCTCCAGCTTGGTCTCCTCGCCAAAGGTGAT	97	37
M14067_IGKJ1-5*03_Oryctolagus_cuniculus___46597___46635___-___/content/VDJ-Insights/VDJ-Insights_tutorial_regions/IG/GCA_047496845.1_LepYark_1.0_genomic__RPIA__PAX8__CM105094.1__extracted__IGK.fasta___bowtie	K01363_IGKJ1-5*02_Oryctolagus_cuniculus	100.000	35	0	0	1	35	38	4	1.36e-15	69.9	GTTTGATCTCCAGCTTGGTCTCCTCGCCAAAGGTG	GTTTGATCTCCAGCTTGGTCTCCTCGCCAAAGGTG	92	35
M14067_IGKJ1-5*03_Oryctolagus_cuniculus___46597___46635___-___/content/VDJ-Insights/VDJ-Insights_tutorial_regions/IG/GCA_047496845.1_LepYark_1.0_genomic__RPIA__PAX8__CM105094.1__extracted__IGK.fasta___bowtie	X00232_IGKJ2-3*01_Oryctolagus_cuniculus	100.000	19	0	0	1	19	38	20	4.80e-06	38.2	GTTTGATCTCCAGCTTGGT	GTTTGATCTCCAGCTTGGT	82	19
M14067_IGKJ1-5*03_Oryctolagus_cuniculus___46597___46635___-___/content/VDJ-Insights/VDJ-Insights_tutorial_regions/IG/GCA_047496845.1_LepYark_1.0_genomic__RPIA__PAX8__CM105094.1__extracted__IGK.fasta___bowtie	X00232_IGKJ2-3*01_Oryctolagus_cuniculus	100.000	12	0	0	27	38	12	1	0.072	24.3	CCAAAGGTGATC	CCAAAGGTGATC	82	12
M14067_IGKJ1-5*03_Oryctolagus_cuniculus___46597___46635___-___/content/VDJ-Insights/VDJ-Insights_tutorial_regions/IG/GCA_047496845.1_LepYark_1.0_genomic__RPIA__PAX8__CM105094.1__extracted__IGK.fasta___bowtie	X00232_IGKJ2-2*01_Oryctolagus_cuniculus	95.000	20	1	0	1	20	40	21	2.96e-04	32.2	GTTTGATCTCCAGCTTGGTC	GTTTGATCTCCACCTTGGTC	53	12GC7
K01360_IGKJ1-3*01_Oryctolagus_cuniculus___47188___47226___-___/content/VDJ-Insights/VDJ-Insights_tutorial_regions/IG/GCA_047496845.1_LepYark_1.0_genomic__RPIA__PAX8__CM105094.1__extracted__IGK.fasta___bowtie	K01360_IGKJ1-3*01_Oryctolagus_cuniculus	100.000	38	0	0	1	38	38	1	2.20e-17	75.8	GTTTGATTTCCAGTTTGGTCCCTGGGCCAAGAGTGGAT	GTTTGATTTCCAGTTTGGTCCCTGGGCCAAGAGTGGAT	100	38
K01360_IGKJ1-3*01_Oryctolagus_cuniculus___47188___47226___-___/content/VDJ-Insights/VDJ-Insights_tutorial_regions/IG/GCA_047496845.1_LepYark_1.0_genomic__RPIA__PAX8__CM105094.1__extracted__IGK.fasta___bowtie	M22541_IGKJ1-3*03_Oryctolagus_cuniculus	97.368	38	1	0	1	38	38	1	5.37e-15	67.9	GTTTGATTTCCAGTTTGGTCCCTGGGCCAAGAGTGGAT	GTTTGATTTCCAGTTTGGTCCCTGGGCCACGAGTGGAT	100	29AC8
K01360_IGKJ1-3*01_Oryctolagus_cuniculus___47188___47226___-___/content/VDJ-Insights/VDJ-Insights_tutorial_regions/IG/GCA_047496845.1_LepYark_1.0_genomic__RPIA__PAX8__CM105094.1__extracted__IGK.fasta___bowtie	K01361_IGKJ1-3*02_Oryctolagus_cuniculus	97.368	38	1	0	1	38	38	1	5.37e-15	67.9	GTTTGATTTCCAGTTTGGTCCCTGGGCCAAGAGTGGAT	GTTTGATTTCCAGTTTGGTCCCTGGGCCGAGAGTGGAT	100	28AG9
K01360_IGKJ1-3*01_Oryctolagus_cuniculus___47188___47226___-___/content/VDJ-Insights/VDJ-Insights_tutorial_regions/IG/GCA_047496845.1_LepYark_1.0_genomic__RPIA__PAX8__CM105094.1__extracted__IGK.fasta___bowtie	X00232_IGKJ2-1*01_Oryctolagus_cuniculus	100.000	12	0	0	1	12	38	27	0.072	24.3	GTTTGATTTCCA	GTTTGATTTCCA	32	12
K01360_IGKJ1-3*01_Oryctolagus_cuniculus___47188___47226___-___/content/VDJ-Insights/VDJ-Insights_tutorial_regions/IG/GCA_047496845.1_LepYark_1.0_genomic__RPIA__PAX8__CM105094.1__extracted__IGK.fasta___bowtie	M14067_IGKJ1-5*03_Oryctolagus_cuniculus	90.000	20	2	0	1	20	38	19	0.072	24.3	GTTTGATTTCCAGTTTGGTC	GTTTGATCTCCAGCTTGGTC	53	7TC5TC6
K01361_IGKJ1-3*02_Oryctolagus_cuniculus___47188___47226___-___/content/VDJ-Insights/VDJ-Insights_tutorial_regions/IG/GCA_047496845.1_LepYark_1.0_genomic__RPIA__PAX8__CM105094.1__extracted__IGK.fasta___bowtie	K01360_IGKJ1-3*01_Oryctolagus_cuniculus	100.000	38	0	0	1	38	38	1	2.20e-17	75.8	GTTTGATTTCCAGTTTGGTCCCTGGGCCAAGAGTGGAT	GTTTGATTTCCAGTTTGGTCCCTGGGCCAAGAGTGGAT	100	38
K01361_IGKJ1-3*02_Oryctolagus_cuniculus___47188___47226___-___/content/VDJ-Insights/VDJ-Insights_tutorial_regions/IG/GCA_047496845.1_LepYark_1.0_genomic__RPIA__PAX8__CM105094.1__extracted__IGK.fasta___bowtie	M22541_IGKJ1-3*03_Oryctolagus_cuniculus	97.368	38	1	0	1	38	38	1	5.37e-15	67.9	GTTTGATTTCCAGTTTGGTCCCTGGGCCAAGAGTGGAT	GTTTGATTTCCAGTTTGGTCCCTGGGCCACGAGTGGAT	100	29AC8
K01361_IGKJ1-3*02_Oryctolagus_cuniculus___47188___47226___-___/content/VDJ-Insights/VDJ-Insights_tutorial_regions/IG/GCA_047496845.1_LepYark_1.0_genomic__RPIA__PAX8__CM105094.1__extracted__IGK.fasta___bowtie	K01361_IGKJ1-3*02_Oryctolagus_cuniculus	97.368	38	1	0	1	38	38	1	5.37e-15	67.9	GTTTGATTTCCAGTTTGGTCCCTGGGCCAAGAGTGGAT	GTTTGATTTCCAGTTTGGTCCCTGGGCCGAGAGTGGAT	100	28AG9
K01361_IGKJ1-3*02_Oryctolagus_cuniculus___47188___47226___-___/content/VDJ-Insights/VDJ-Insights_tutorial_regions/IG/GCA_047496845.1_LepYark_1.0_genomic__RPIA__PAX8__CM105094.1__extracted__IGK.fasta___bowtie	X00232_IGKJ2-1*01_Oryctolagus_cuniculus	100.000	12	0	0	1	12	38	27	0.072	24.3	GTTTGATTTCCA	GTTTGATTTCCA	32	12
K01361_IGKJ1-3*02_Oryctolagus_cuniculus___47188___47226___-___/content/VDJ-Insights/VDJ-Insights_tutorial_regions/IG/GCA_047496845.1_LepYark_1.0_genomic__RPIA__PAX8__CM105094.1__extracted__IGK.fasta___bowtie	M14067_IGKJ1-5*03_Oryctolagus_cuniculus	90.000	20	2	0	1	20	38	19	0.072	24.3	GTTTGATTTCCAGTTTGGTC	GTTTGATCTCCAGCTTGGTC	53	7TC5TC6
M22541_IGKJ1-3*03_Oryctolagus_cuniculus___47188___47226___-___/content/VDJ-Insights/VDJ-Insights_tutorial_regions/IG/GCA_047496845.1_LepYark_1.0_genomic__RPIA__PAX8__CM105094.1__extracted__IGK.fasta___bowtie	K01360_IGKJ1-3*01_Oryctolagus_cuniculus	100.000	38	0	0	1	38	38	1	2.20e-17	75.8	GTTTGATTTCCAGTTTGGTCCCTGGGCCAAGAGTGGAT	GTTTGATTTCCAGTTTGGTCCCTGGGCCAAGAGTGGAT	100	38
M22541_IGKJ1-3*03_Oryctolagus_cuniculus___47188___47226___-___/content/VDJ-Insights/VDJ-Insights_tutorial_regions/IG/GCA_047496845.1_LepYark_1.0_genomic__RPIA__PAX8__CM105094.1__extracted__IGK.fasta___bowtie	M22541_IGKJ1-3*03_Oryctolagus_cuniculus	97.368	38	1	0	1	38	38	1	5.37e-15	67.9	GTTTGATTTCCAGTTTGGTCCCTGGGCCAAGAGTGGAT	GTTTGATTTCCAGTTTGGTCCCTGGGCCACGAGTGGAT	100	29AC8
M22541_IGKJ1-3*03_Oryctolagus_cuniculus___47188___47226___-___/content/VDJ-Insights/VDJ-Insights_tutorial_regions/IG/GCA_047496845.1_LepYark_1.0_genomic__RPIA__PAX8__CM105094.1__extracted__IGK.fasta___bowtie	K01361_IGKJ1-3*02_Oryctolagus_cuniculus	97.368	38	1	0	1	38	38	1	5.37e-15	67.9	GTTTGATTTCCAGTTTGGTCCCTGGGCCAAGAGTGGAT	GTTTGATTTCCAGTTTGGTCCCTGGGCCGAGAGTGGAT	100	28AG9
M22541_IGKJ1-3*03_Oryctolagus_cuniculus___47188___47226___-___/content/VDJ-Insights/VDJ-Insights_tutorial_regions/IG/GCA_047496845.1_LepYark_1.0_genomic__RPIA__PAX8__CM105094.1__extracted__IGK.fasta___bowtie	X00232_IGKJ2-1*01_Oryctolagus_cuniculus	100.000	12	0	0	1	12	38	27	0.072	24.3	GTTTGATTTCCA	GTTTGATTTCCA	32	12
M22541_IGKJ1-3*03_Oryctolagus_cuniculus___47188___47226___-___/content/VDJ-Insights/VDJ-Insights_tutorial_regions/IG/GCA_047496845.1_LepYark_1.0_genomic__RPIA__PAX8__CM105094.1__extracted__IGK.fasta___bowtie	M14067_IGKJ1-5*03_Oryctolagus_cuniculus	90.000	20	2	0	1	20	38	19	0.072	24.3	GTTTGATTTCCAGTTTGGTC	GTTTGATCTCCAGCTTGGTC	53	7TC5TC6
K01360_IGKJ1-2*01_Oryctolagus_cuniculus___47471___47511___-___/content/VDJ-Insights/VDJ-Insights_tutorial_regions/IG/GCA_047496845.1_LepYark_1.0_genomic__RPIA__PAX8__CM105094.1__extracted__IGK.fasta___bowtie	K01360_IGKJ1-2*01_Oryctolagus_cuniculus	100.000	36	0	0	5	40	36	1	3.68e-16	71.9	GACCACCACCTCGGTCCCTCCGCCGAAAGCATTATA	GACCACCACCTCGGTCCCTCCGCCGAAAGCATTATA	90	36
K01360_IGKJ1-2*01_Oryctolagus_cuniculus___47471___47511___-___/content/VDJ-Insights/VDJ-Insights_tutorial_regions/IG/GCA_047496845.1_LepYark_1.0_genomic__RPIA__PAX8__CM105094.1__extracted__IGK.fasta___bowtie	K01361_IGKJ1-2*02_Oryctolagus_cuniculus	100.000	32	0	0	9	40	32	1	8.98e-14	63.9	ACCACCTCGGTCCCTCCGCCGAAAGCATTATA	ACCACCTCGGTCCCTCCGCCGAAAGCATTATA	80	32
K01360_IGKJ1-2*01_Oryctolagus_cuniculus___47471___47511___-___/content/VDJ-Insights/VDJ-Insights_tutorial_regions/IG/GCA_047496845.1_LepYark_1.0_genomic__RPIA__PAX8__CM105094.1__extracted__IGK.fasta___bowtie	K01363_IGKJ1-2*03_Oryctolagus_cuniculus	93.750	32	2	0	9	40	32	1	5.33e-09	48.1	ACCACCTCGGTCCCTCCGCCGAAAGCATTATA	ACCACCTTGGTCCCTCCGCCGAAAGTATTATA	90	7CT17CT6
K01360_IGKJ1-2*01_Oryctolagus_cuniculus___47471___47511___-___/content/VDJ-Insights/VDJ-Insights_tutorial_regions/IG/GCA_047496845.1_LepYark_1.0_genomic__RPIA__PAX8__CM105094.1__extracted__IGK.fasta___bowtie	K01363_IGKJ1-2*03_Oryctolagus_cuniculus	100.000	7	0	0	5	11	33	27	74	14.4	GACCACC	GACCACC	90	7
K01360_IGKJ1-2*01_Oryctolagus_cuniculus___47471___47511___-___/content/VDJ-Insights/VDJ-Insights_tutorial_regions/IG/GCA_047496845.1_LepYark_1.0_genomic__RPIA__PAX8__CM105094.1__extracted__IGK.fasta___bowtie	M14067_IGKJ1-2*04_Oryctolagus_cuniculus	100.000	22	0	0	14	35	27	6	8.33e-08	44.1	CTCGGTCCCTCCGCCGAAAGCA	CTCGGTCCCTCCGCCGAAAGCA	55	22
K01360_IGKJ1-2*01_Oryctolagus_cuniculus___47471___47511___-___/content/VDJ-Insights/VDJ-Insights_tutorial_regions/IG/GCA_047496845.1_LepYark_1.0_genomic__RPIA__PAX8__CM105094.1__extracted__IGK.fasta___bowtie	M23228_IGLJ6*01_Oryctolagus_cuniculus	100.000	15	0	0	17	31	22	8	0.001	30.2	GGTCCCTCCGCCGAA	GGTCCCTCCGCCGAA	38	15
K01361_IGKJ1-2*02_Oryctolagus_cuniculus___47471___47511___-___/content/VDJ-Insights/VDJ-Insights_tutorial_regions/IG/GCA_047496845.1_LepYark_1.0_genomic__RPIA__PAX8__CM105094.1__extracted__IGK.fasta___bowtie	K01360_IGKJ1-2*01_Oryctolagus_cuniculus	100.000	36	0	0	5	40	36	1	3.68e-16	71.9	GACCACCACCTCGGTCCCTCCGCCGAAAGCATTATA	GACCACCACCTCGGTCCCTCCGCCGAAAGCATTATA	90	36
K01361_IGKJ1-2*02_Oryctolagus_cuniculus___47471___47511___-___/content/VDJ-Insights/VDJ-Insights_tutorial_regions/IG/GCA_047496845.1_LepYark_1.0_genomic__RPIA__PAX8__CM105094.1__extracted__IGK.fasta___bowtie	K01361_IGKJ1-2*02_Oryctolagus_cuniculus	100.000	32	0	0	9	40	32	1	8.98e-14	63.9	ACCACCTCGGTCCCTCCGCCGAAAGCATTATA	ACCACCTCGGTCCCTCCGCCGAAAGCATTATA	80	32
K01361_IGKJ1-2*02_Oryctolagus_cuniculus___47471___47511___-___/content/VDJ-Insights/VDJ-Insights_tutorial_regions/IG/GCA_047496845.1_LepYark_1.0_genomic__RPIA__PAX8__CM105094.1__extracted__IGK.fasta___bowtie	K01363_IGKJ1-2*03_Oryctolagus_cuniculus	93.750	32	2	0	9	40	32	1	5.33e-09	48.1	ACCACCTCGGTCCCTCCGCCGAAAGCATTATA	ACCACCTTGGTCCCTCCGCCGAAAGTATTATA	90	7CT17CT6
K01361_IGKJ1-2*02_Oryctolagus_cuniculus___47471___47511___-___/content/VDJ-Insights/VDJ-Insights_tutorial_regions/IG/GCA_047496845.1_LepYark_1.0_genomic__RPIA__PAX8__CM105094.1__extracted__IGK.fasta___bowtie	K01363_IGKJ1-2*03_Oryctolagus_cuniculus	100.000	7	0	0	5	11	33	27	74	14.4	GACCACC	GACCACC	90	7
K01361_IGKJ1-2*02_Oryctolagus_cuniculus___47471___47511___-___/content/VDJ-Insights/VDJ-Insights_tutorial_regions/IG/GCA_047496845.1_LepYark_1.0_genomic__RPIA__PAX8__CM105094.1__extracted__IGK.fasta___bowtie	M14067_IGKJ1-2*04_Oryctolagus_cuniculus	100.000	22	0	0	14	35	27	6	8.33e-08	44.1	CTCGGTCCCTCCGCCGAAAGCA	CTCGGTCCCTCCGCCGAAAGCA	55	22
K01361_IGKJ1-2*02_Oryctolagus_cuniculus___47471___47511___-___/content/VDJ-Insights/VDJ-Insights_tutorial_regions/IG/GCA_047496845.1_LepYark_1.0_genomic__RPIA__PAX8__CM105094.1__extracted__IGK.fasta___bowtie	M23228_IGLJ6*01_Oryctolagus_cuniculus	100.000	15	0	0	17	31	22	8	0.001	30.2	GGTCCCTCCGCCGAA	GGTCCCTCCGCCGAA	38	15
M24223_IGHJ4*01_Oryctolagus_cuniculus___233976___234024___-___/content/VDJ-Insights/VDJ-Insights_tutorial_regions/IG/GCA_047496845.1_LepYark_1.0_genomic__TMEM121__-__CM105101.1__extracted__IGH.fasta___bowtie2	AY386695_IGHJ4*02_Oryctolagus_cuniculus	97.917	48	1	0	1	48	48	1	7.85e-21	87.7	CTGAGGAGACGGTGACCAGGGTGCCTTGGCCCCAGATGTTAAAGTAGT	CTGAGGAGACGGTGACCAGGGTGCCTGGGCCCCAGATGTTAAAGTAGT	100	26TG21
M24223_IGHJ4*01_Oryctolagus_cuniculus___233976___234024___-___/content/VDJ-Insights/VDJ-Insights_tutorial_regions/IG/GCA_047496845.1_LepYark_1.0_genomic__TMEM121__-__CM105101.1__extracted__IGH.fasta___bowtie2	M24223_IGHJ4*01_Oryctolagus_cuniculus	93.750	48	3	0	1	48	48	1	4.66e-16	71.9	CTGAGGAGACGGTGACCAGGGTGCCTTGGCCCCAGATGTTAAAGTAGT	CTGAGGAGACGGTGACCAGGGTGCCTGGGCCCCACAAGTTAAAGTAGT	100	26TG7GC1TA11
M24223_IGHJ4*01_Oryctolagus_cuniculus___233976___234024___-___/content/VDJ-Insights/VDJ-Insights_tutorial_regions/IG/GCA_047496845.1_LepYark_1.0_genomic__TMEM121__-__CM105101.1__extracted__IGH.fasta___bowtie2	M24223_IGHJ3*01_Oryctolagus_cuniculus	97.222	36	1	0	1	36	53	18	1.14e-13	63.9	CTGAGGAGACGGTGACCAGGGTGCCTTGGCCCCAGA	CTGAGGAGACGGTGACCAGGGTGCCCTGGCCCCAGA	75	25TC10
M24223_IGHJ4*01_Oryctolagus_cuniculus___233976___234024___-___/content/VDJ-Insights/VDJ-Insights_tutorial_regions/IG/GCA_047496845.1_LepYark_1.0_genomic__TMEM121__-__CM105101.1__extracted__IGH.fasta___bowtie2	AY386695_IGHJ3*02_Oryctolagus_cuniculus	97.143	35	1	0	1	35	51	17	4.49e-13	61.9	CTGAGGAGACGGTGACCAGGGTGCCTTGGCCCCAG	CTGAGGAGACGGTGACCAGGGTGCCCTGGCCCCAG	73	25TC9
M24223_IGHJ4*01_Oryctolagus_cuniculus___233976___234024___-___/content/VDJ-Insights/VDJ-Insights_tutorial_regions/IG/GCA_047496845.1_LepYark_1.0_genomic__TMEM121__-__CM105101.1__extracted__IGH.fasta___bowtie2	AY386695_IGHJ2*02_Oryctolagus_cuniculus	97.143	35	1	0	1	35	50	16	4.49e-13	61.9	CTGAGGAGACGGTGACCAGGGTGCCTTGGCCCCAG	CTGAGGAGACGGTGACCAGGGTGCCTGGGCCCCAG	73	26TG8
